Titre,Entreprise,Localisation,Lien,Compétences,Date,mapped_role
Junior Data Engineer - Casablanca,Artefact,Casablanca,https://ma.linkedin.com/jobs/view/junior-data-engineer-casablanca-at-artefact-3928980947?position=1&pageNum=0&refId=seMTwy4HYOc3mVjsuLHZbQ%3D%3D&trackingId=9%2FGNIWq2ztFH7zbOjZh0uw%3D%3D,"agile, airflow, aws, azure, beam, bigquery, ci/cd, docker, elasticsearch, gcp, google cloud, kubernetes, machine learning, microservices, mysql, postgresql, python, redis, spark, sql",2025-07-31,data engineer
Data Engineer (H/F),Smile,Casablanca,https://ma.linkedin.com/jobs/view/data-engineer-h-f-at-smile-4275097062?position=2&pageNum=0&refId=seMTwy4HYOc3mVjsuLHZbQ%3D%3D&trackingId=e%2BREqY6jGCP9v0XfNFzffA%3D%3D,"airflow, python, snowflake, sql",2025-07-31,data engineer
Data Engineer (ETL for Power BI),DXC Technology Morocco,Rabat,https://ma.linkedin.com/jobs/view/data-engineer-etl-for-power-bi-at-dxc-technology-morocco-4283382897?position=3&pageNum=0&refId=seMTwy4HYOc3mVjsuLHZbQ%3D%3D&trackingId=4SiXTSJYJTAYJlfKUc1j8w%3D%3D,"etl, excel, power bi, sql",2025-08-12,data engineer
Data Engineer,Artefact,Casablanca,https://ma.linkedin.com/jobs/view/data-engineer-at-artefact-3761574281?position=4&pageNum=0&refId=seMTwy4HYOc3mVjsuLHZbQ%3D%3D&trackingId=deZlDty1x7i52hrFKVUFTA%3D%3D,"agile, airflow, aws, azure, beam, bigquery, ci/cd, docker, elasticsearch, gcp, google cloud, kubernetes, machine learning, microservices, mysql, postgresql, python, redis, spark, sql",2025-08-01,data engineer
Data Engineer,UM6P - University Mohammed VI Polytechnic,Rabat,https://ma.linkedin.com/jobs/view/data-engineer-at-um6p-university-mohammed-vi-polytechnic-4283044478?position=5&pageNum=0&refId=seMTwy4HYOc3mVjsuLHZbQ%3D%3D&trackingId=nVtCyiPtvaFTQTNPAjKohw%3D%3D,"aws, azure, etl, google cloud, java, kafka, power bi, python, spark, sql, tableau",2025-08-11,data engineer
Data engineer,SII Group Morocco,Casablanca,https://ma.linkedin.com/jobs/view/data-engineer-at-sii-group-morocco-4281034064?position=6&pageNum=0&refId=seMTwy4HYOc3mVjsuLHZbQ%3D%3D&trackingId=7q%2FM4Sr5mEc9etXXq27JKw%3D%3D,"airflow, power bi, spark",2025-08-11,data engineer
Data engineer,Alter Solutions Group,Casablanca,https://ma.linkedin.com/jobs/view/data-engineer-at-alter-solutions-group-4242852623?position=8&pageNum=0&refId=seMTwy4HYOc3mVjsuLHZbQ%3D%3D&trackingId=lFySq6fM0bsWuYf0ugpmYA%3D%3D,"airflow, aws, azure, bigquery, ci/cd, docker, etl, flink, gcp, git, java, kafka, kubernetes, looker, nosql, power bi, python, react, snowflake, spark, sql, tableau",2025-06-02,data engineer
Data Analyst (Excel & ZoomInfo),Growth Troops,Rabat,https://ma.linkedin.com/jobs/view/data-analyst-excel-zoominfo-at-growth-troops-4282951990?position=9&pageNum=0&refId=seMTwy4HYOc3mVjsuLHZbQ%3D%3D&trackingId=ryY67iS0br8ebfPc4s5fAA%3D%3D,excel,2025-08-10,data analyst
DATA Engineer,ALTEN,Rabat,https://ma.linkedin.com/jobs/view/data-engineer-at-alten-4284118083?position=10&pageNum=0&refId=seMTwy4HYOc3mVjsuLHZbQ%3D%3D&trackingId=%2BN8A6VjdlbOuS7FhJPdGMQ%3D%3D,"ci/cd, etl, gcp, google cloud, python, sql",2025-08-13,data engineer
DATA INGÉNIEUR GCP,RED TIC,Casablanca,https://ma.linkedin.com/jobs/view/data-ing%C3%A9nieur-gcp-at-red-tic-4283165525?position=1&pageNum=2&refId=zx%2FV6JTMIjExu%2Bt1UMA4Pw%3D%3D&trackingId=atyXqfoFCt5DI5KjObIcnw%3D%3D,"agile, aws, azure, bigquery, ci/cd, docker, etl, gcp, gitlab, java, jenkins, kafka, kubernetes, python, scrum, sql, terraform",2025-08-11,data engineer
Data Engineer Spark/Scala Senior (Maroc ) H/F,LINCOLN,Casablanca,https://ma.linkedin.com/jobs/view/data-engineer-spark-scala-senior-maroc-h-f-at-lincoln-france-4128099064?position=2&pageNum=2&refId=zx%2FV6JTMIjExu%2Bt1UMA4Pw%3D%3D&trackingId=Llqf8OJ%2BS0AXych3iJa5cQ%3D%3D,"bigquery, ci/cd, gcp, git, gitlab, java, kafka, kubernetes, microservices, scrum, spark",2025-06-30,data engineer
Data Engineer GCP F/H,VISEO,Casablanca,https://ma.linkedin.com/jobs/view/data-engineer-gcp-f-h-at-viseo-4133242965?position=3&pageNum=2&refId=zx%2FV6JTMIjExu%2Bt1UMA4Pw%3D%3D&trackingId=SeZJ6l6BRq%2FQIwr84bW04A%3D%3D,"airflow, beam, etl, gcp, google cloud, java, python, spark, sql",2025-08-09,data engineer
Data Engineer Senior (Microsoft Fabric),MAROC FER,Casablanca,https://ma.linkedin.com/jobs/view/data-engineer-senior-microsoft-fabric-at-maroc-fer-4267077671?position=4&pageNum=2&refId=zx%2FV6JTMIjExu%2Bt1UMA4Pw%3D%3D&trackingId=XEHZeum9LeKt1yJWREzKew%3D%3D,"azure, ci/cd, power bi, python, spark, sql",2025-07-16,data engineer
Data Analyst,Expleo Group,Tangier,https://ma.linkedin.com/jobs/view/data-analyst-at-expleo-group-4244912212?position=5&pageNum=2&refId=zx%2FV6JTMIjExu%2Bt1UMA4Pw%3D%3D&trackingId=QJ5kPobgYBcwDz1s%2Bin11w%3D%3D,,2025-08-08,data analyst
IT & Data Analyst INTERN,Smollan,Casablanca,https://ma.linkedin.com/jobs/view/it-data-analyst-intern-at-smollan-3989957373?position=6&pageNum=2&refId=zx%2FV6JTMIjExu%2Bt1UMA4Pw%3D%3D&trackingId=ukoRBaxf%2FVi64tXZ7ECKfw%3D%3D,"excel, python",2025-08-08,data analyst
Senior Data Engineer,Artefact,Casablanca,https://ma.linkedin.com/jobs/view/senior-data-engineer-at-artefact-4104827039?position=7&pageNum=2&refId=zx%2FV6JTMIjExu%2Bt1UMA4Pw%3D%3D&trackingId=A5U5qFR87LlhTCI9l8cyvw%3D%3D,"airflow, aws, beam, bigquery, ci/cd, docker, elasticsearch, gcp, machine learning, microservices, mysql, postgresql, python, spark, sql",2025-08-18,data engineer
Data Engineer - Databricks,Lumenalta,Maroc,https://ma.linkedin.com/jobs/view/data-engineer-databricks-at-lumenalta-4288398888?position=8&pageNum=2&refId=zx%2FV6JTMIjExu%2Bt1UMA4Pw%3D%3D&trackingId=zYW7ds5nhMz5iJVjTsYQew%3D%3D,"aws, etl, python, sql",2025-08-19,data engineer
Senior Data Engineer,HCLTech,Rabat,https://ma.linkedin.com/jobs/view/senior-data-engineer-at-hcltech-4273201359?position=9&pageNum=2&refId=zx%2FV6JTMIjExu%2Bt1UMA4Pw%3D%3D&trackingId=gM7zf2IC%2FirtQIukX5yLtg%3D%3D,"azure, c#, ci/cd, machine learning, nosql, power bi, python, spark, sql, terraform",2025-07-28,data engineer
Data DevOps Engineer,CIH BANK,Casablanca,https://ma.linkedin.com/jobs/view/data-devops-engineer-at-cih-bank-3918450440?position=10&pageNum=2&refId=zx%2FV6JTMIjExu%2Bt1UMA4Pw%3D%3D&trackingId=q%2FsgKNoVLGfoENsm5%2FwOXw%3D%3D,"bash, ci/cd, gitlab, python, spark, sql",2024-04-11,data engineer
Data Analyst Intern - X Delivery,Boston Consulting Group (BCG),Casablanca,https://ma.linkedin.com/jobs/view/data-analyst-intern-x-delivery-at-boston-consulting-group-bcg-4205211831?position=2&pageNum=5&refId=cs%2FA7zEF9ipkjIIaOFMojg%3D%3D&trackingId=%2F360UVDJTpVqpXdxtgE8aQ%3D%3D,"angular, c#, dash, django, excel, flask, github, hadoop, mysql, pandas, postgresql, python, r, react, spark, sql, tableau",2025-08-17,data analyst
Data Engineer Spark/Scala Senior (Maroc ) H/F,ALTEN,Casablanca,https://ma.linkedin.com/jobs/view/data-engineer-spark-scala-senior-maroc-h-f-at-alten-4257257190?position=3&pageNum=5&refId=cs%2FA7zEF9ipkjIIaOFMojg%3D%3D&trackingId=1Zf8LPGuEvVCrJXSOmphZg%3D%3D,"bigquery, ci/cd, gcp, git, gitlab, java, kafka, kubernetes, microservices, scrum, spark",2025-07-24,data engineer
Data Engineer Confirmé – Écosystème Microsoft Fabric,Inetum,Casablanca,https://ma.linkedin.com/jobs/view/data-engineer-confirm%C3%A9-%E2%80%93-%C3%A9cosyst%C3%A8me-microsoft-fabric-at-inetum-4267244628?position=4&pageNum=5&refId=cs%2FA7zEF9ipkjIIaOFMojg%3D%3D&trackingId=c5isD01BxOT%2FYXhbYeeqNA%3D%3D,"power bi, python, spark, sql",2025-07-16,data engineer
Data Engineer KPI BOOK,ALTEN,Fez,https://ma.linkedin.com/jobs/view/data-engineer-kpi-book-at-alten-4277195908?position=5&pageNum=5&refId=cs%2FA7zEF9ipkjIIaOFMojg%3D%3D&trackingId=2m8efvRtJfkhm8lRmqJWLA%3D%3D,"excel, github, javascript, mongodb, python, react",2025-08-01,data engineer
Software Engineer - The Flex Africa,The Flex,Rabat,https://ma.linkedin.com/jobs/view/software-engineer-the-flex-africa-at-the-flex-4288229178?position=6&pageNum=5&refId=cs%2FA7zEF9ipkjIIaOFMojg%3D%3D&trackingId=2F3LFChR7HEE84aqAj%2B6QQ%3D%3D,"aws, ci/cd, fastapi, git, node.js, python, react",2025-08-20,software engineer
Data Analyst - X Delivery,Boston Consulting Group (BCG),Casablanca,https://ma.linkedin.com/jobs/view/data-analyst-x-delivery-at-boston-consulting-group-bcg-4205214414?position=7&pageNum=5&refId=cs%2FA7zEF9ipkjIIaOFMojg%3D%3D&trackingId=WAkTZ6vqW56nUsdn1G15cg%3D%3D,"angular, c#, dash, django, excel, flask, github, hadoop, mysql, pandas, postgresql, python, r, react, spark, sql, tableau",2025-08-18,data analyst
Data Engineer Confirmé,ALTEN,Rabat,https://ma.linkedin.com/jobs/view/data-engineer-confirm%C3%A9-at-alten-4272020123?position=8&pageNum=5&refId=cs%2FA7zEF9ipkjIIaOFMojg%3D%3D&trackingId=iB%2Bj5ebdCgkzYt%2BNlhWn2g%3D%3D,"bigquery, ci/cd, dbt, gcp, git, looker, scrum",2025-07-25,data engineer
Software Engineer - The Flex Africa,The Flex,Casablanca,https://ma.linkedin.com/jobs/view/software-engineer-the-flex-africa-at-the-flex-4288231125?position=9&pageNum=5&refId=cs%2FA7zEF9ipkjIIaOFMojg%3D%3D&trackingId=I9EeXUHJcdB%2BOv19JWhSVQ%3D%3D,"aws, ci/cd, fastapi, git, node.js, python, react",2025-08-20,software engineer
Network & System Engineer (Permanent),ProductLife Group,Casablanca,https://ma.linkedin.com/jobs/view/network-system-engineer-permanent-at-productlife-group-4267896356?position=10&pageNum=5&refId=cs%2FA7zEF9ipkjIIaOFMojg%3D%3D&trackingId=P4a2FztHIT053yBShXRygQ%3D%3D,linux,2025-08-04,software engineer
Lead Data Analyst,CIH BANK,Casablanca,https://ma.linkedin.com/jobs/view/lead-data-analyst-at-cih-bank-4072058916?position=1&pageNum=7&refId=txo%2FxZUhzQDMDpcd78iH9g%3D%3D&trackingId=kOC4hLvlK9OmNndhqyqlPg%3D%3D,"python, sql, tableau",2024-11-11,data analyst
Data Engineer - Snowflake,Lumenalta,Maroc,https://ma.linkedin.com/jobs/view/data-engineer-snowflake-at-lumenalta-4288426587?position=3&pageNum=7&refId=txo%2FxZUhzQDMDpcd78iH9g%3D%3D&trackingId=Ove50E27u8GRdr3itEaOUg%3D%3D,"airflow, aws, dbt, etl, python, snowflake, sql",2025-08-19,data engineer
Développeur & Analyst Power BI,SQLI,Rabat,https://ma.linkedin.com/jobs/view/d%C3%A9veloppeur-analyst-power-bi-at-sqli-4284774909?position=4&pageNum=7&refId=txo%2FxZUhzQDMDpcd78iH9g%3D%3D&trackingId=8eBuJf9lYIuuBT3lhoLWhA%3D%3D,"agile, etl, gcp, power bi, sql",2025-08-18,data analyst
Data Engineer - Senior,Lumenalta,Maroc,https://ma.linkedin.com/jobs/view/data-engineer-senior-at-lumenalta-4288408943?position=5&pageNum=7&refId=txo%2FxZUhzQDMDpcd78iH9g%3D%3D&trackingId=kkMffOqVZWCcEktqaHHfZw%3D%3D,"agile, airflow, aws, ci/cd, etl, gcp, java, kafka, python, sql",2025-08-19,data engineer
Software Development Engineer,IDEMIA,Casablanca,https://ma.linkedin.com/jobs/view/software-development-engineer-at-idemia-4271342982?position=6&pageNum=7&refId=txo%2FxZUhzQDMDpcd78iH9g%3D%3D&trackingId=JkU3lz0TV6w0XzetaJBEbA%3D%3D,"agile, ci/cd, design patterns, java, linux, oracle, postgresql, scrum",2025-07-23,software engineer
Data Engineer Senior (expert GCP),ALTEN,Casablanca,https://ma.linkedin.com/jobs/view/data-engineer-senior-expert-gcp-at-alten-4257253551?position=7&pageNum=7&refId=txo%2FxZUhzQDMDpcd78iH9g%3D%3D&trackingId=pRzh4Z8Alnbp1JjIeF3HmA%3D%3D,"agile, bigquery, ci/cd, dbt, etl, gcp, git, gitlab, google cloud, linux, scrum, sql",2025-07-24,data engineer
Data Scientist & AI Engineer,ALTEN MAROC,Fez,https://ma.linkedin.com/jobs/view/data-scientist-ai-engineer-at-alten-maroc-4279807702?position=8&pageNum=7&refId=txo%2FxZUhzQDMDpcd78iH9g%3D%3D&trackingId=dSBNt1ll3BfH%2Fhz6IfNTZA%3D%3D,"deep learning, machine learning, matplotlib, pandas, plotly, power bi, python, pytorch, scikit-learn, tensorflow",2025-08-07,data scientist
Software Engineer,Nuitée,Casablanca,https://ma.linkedin.com/jobs/view/software-engineer-at-nuit%C3%A9e-4273708878?position=9&pageNum=7&refId=txo%2FxZUhzQDMDpcd78iH9g%3D%3D&trackingId=c6IjMqzyYZIefDyn1z5spw%3D%3D,"aws, ci/cd, gcp, java",2025-07-29,software engineer
DATA Analyst Senior,ALTEN,Rabat,https://ma.linkedin.com/jobs/view/data-analyst-senior-at-alten-4286882078?position=10&pageNum=7&refId=txo%2FxZUhzQDMDpcd78iH9g%3D%3D&trackingId=Qyw2jzxjqj8ZKdpqWeIeMw%3D%3D,"aws, azure, bigquery, ci/cd, gcp, git, gitlab, looker, mongodb, nosql, postgresql, scrum, sql",2025-08-16,data analyst
Software Controls Engineer,AVL,Rabat,https://ma.linkedin.com/jobs/view/software-controls-engineer-at-avl-4270994926?position=1&pageNum=10&refId=vzVuGBbhL7J963KJZeE4Sw%3D%3D&trackingId=gC%2FtWSQ%2FlXfI90bhC0NPmQ%3D%3D,,2025-07-23,software engineer
Software Engineer,TransPerfect,Casablanca,https://ma.linkedin.com/jobs/view/software-engineer-at-transperfect-4274315023?position=2&pageNum=10&refId=vzVuGBbhL7J963KJZeE4Sw%3D%3D&trackingId=Jo9p8GZKSAVxNFLUMjNHvQ%3D%3D,"angular, azure, c#, css, design patterns, git, html, javascript, sql, typescript",2025-07-30,software engineer
Data Analyst senior (expert GCP et Power BI) - F/H,ALTEN,Casablanca,https://ma.linkedin.com/jobs/view/data-analyst-senior-expert-gcp-et-power-bi-f-h-at-alten-4257247964?position=3&pageNum=10&refId=vzVuGBbhL7J963KJZeE4Sw%3D%3D&trackingId=Nofltz%2ByqIag%2BPw%2FUESfYg%3D%3D,"agile, bigquery, gcp, google cloud, power bi, scrum, sql",2025-07-24,data analyst
.NET Software Engineer,Forterro,Casablanca,https://ma.linkedin.com/jobs/view/net-software-engineer-at-forterro-4275334406?position=4&pageNum=10&refId=vzVuGBbhL7J963KJZeE4Sw%3D%3D&trackingId=5xRhSdpvOrmG%2Fj8wFJlnmQ%3D%3D,"azure, c#, design patterns, git, sql",2025-07-24,software engineer
Backend Developer (Python / Linux ecosystem) - French Speakers,SSC HR Solutions,Casablanca,https://ma.linkedin.com/jobs/view/backend-developer-python-linux-ecosystem-french-speakers-at-ssc-hr-solutions-4282657252?position=5&pageNum=10&refId=vzVuGBbhL7J963KJZeE4Sw%3D%3D&trackingId=2peIg9up8SAjU78GazzgtQ%3D%3D,"agile, bdd, django, docker, elasticsearch, git, gitlab, grpc, linux, python",2025-08-08,web developer
Full Stack Software Engineer,WaystoCap,Casablanca,https://ma.linkedin.com/jobs/view/full-stack-software-engineer-at-waystocap-4119520877?position=7&pageNum=10&refId=vzVuGBbhL7J963KJZeE4Sw%3D%3D&trackingId=TQet0OIV9eEkWNSHkBXtfg%3D%3D,"agile, ci/cd, graphql, java, javascript, next.js, nosql",2024-12-16,web developer
Senior Big Data Engineer,Leyton CognitX,Casablanca,https://ma.linkedin.com/jobs/view/senior-big-data-engineer-at-leyton-cognitx-4274090061?position=8&pageNum=10&refId=vzVuGBbhL7J963KJZeE4Sw%3D%3D&trackingId=79eXu0zUPxbjT8vRwj9hmg%3D%3D,"airflow, angular, docker, elasticsearch, kafka, mongodb, python, react, spark, sql, vue.js",2025-07-30,data engineer
Software Engineer - X Delivery,Boston Consulting Group (BCG),Casablanca,https://ma.linkedin.com/jobs/view/software-engineer-x-delivery-at-boston-consulting-group-bcg-4205210893?position=9&pageNum=10&refId=vzVuGBbhL7J963KJZeE4Sw%3D%3D&trackingId=QvMQAkjlsHmZLHJj7BMsow%3D%3D,"agile, angular, aws, azure, c#, ci/cd, design patterns, django, docker, flask, gcp, git, java, javascript, kubernetes, microservices, mongodb, nosql, python, react, spark, sql, terraform, typescript",2025-08-17,software engineer
Data scientist,DXC Technology,Maroc,https://ma.linkedin.com/jobs/view/data-scientist-at-dxc-technology-4271725417?position=10&pageNum=10&refId=vzVuGBbhL7J963KJZeE4Sw%3D%3D&trackingId=uv7SutrXIQBwKhf6mMx10g%3D%3D,"aws, azure, google cloud, hadoop, machine learning, matplotlib, power bi, python, pytorch, r, scikit-learn, spark, sql, tableau, tensorflow",2025-08-19,data scientist
Data Analytics - Data Science Team Lead - Casablanca,Infomineo,Casablanca,https://ma.linkedin.com/jobs/view/data-analytics-data-science-team-lead-casablanca-at-infomineo-4283198594?position=2&pageNum=12&refId=lgK8tHuWz4PVOipjqG7viA%3D%3D&trackingId=0PCRR4Jeah9wdbW6oBKutw%3D%3D,"aws, azure, docker, etl, google cloud, hadoop, ibm cloud, javascript, kafka, kubernetes, looker, machine learning, mongodb, nosql, power bi, python, r, snowflake, spark, sql, tableau",2025-07-17,data scientist
.NET Software Engineer,Abas Ibérica,Casablanca,https://ma.linkedin.com/jobs/view/net-software-engineer-at-abas-ib%C3%A9rica-4271988847?position=3&pageNum=12&refId=lgK8tHuWz4PVOipjqG7viA%3D%3D&trackingId=VFlYkU58kK8kWO3PP7M4MQ%3D%3D,"agile, c#, css, html, javascript, sql",2025-07-22,software engineer
Integrated management system engineer,Continental,Tangier,https://ma.linkedin.com/jobs/view/integrated-management-system-engineer-at-continental-4253631640?position=5&pageNum=12&refId=lgK8tHuWz4PVOipjqG7viA%3D%3D&trackingId=27lMy4g2OPCZER5%2FPg%2BLzw%3D%3D,,2025-06-20,software engineer
Analyste de données & reportings risques,Saham Bank (Officiel),Casablanca,https://ma.linkedin.com/jobs/view/analyste-de-donn%C3%A9es-reportings-risques-at-saham-bank-officiel-4281706734?position=6&pageNum=12&refId=lgK8tHuWz4PVOipjqG7viA%3D%3D&trackingId=Nc4YemnwM05VOE%2FBXmi9Kg%3D%3D,"power bi, python, r, sql",2025-08-12,data analyst
"Senior/Expert Data Engineer (GCP, PUB/SUB, DBT, Big Query)",SQLI,Casablanca,https://ma.linkedin.com/jobs/view/senior-expert-data-engineer-gcp-pub-sub-dbt-big-query-at-sqli-4226421489?position=7&pageNum=12&refId=lgK8tHuWz4PVOipjqG7viA%3D%3D&trackingId=DRmW20XvX8qjJ8zaM0BPJw%3D%3D,"agile, bigquery, gcp, machine learning, python, scrum, sql",2025-07-05,data engineer
Data Engineer Expérimenté,ALTEN MAROC,Rabat,https://ma.linkedin.com/jobs/view/data-engineer-exp%C3%A9riment%C3%A9-at-alten-maroc-4269624437?position=8&pageNum=12&refId=lgK8tHuWz4PVOipjqG7viA%3D%3D&trackingId=A7N8osK%2BFUxW8meRVeY7tA%3D%3D,"bigquery, ci/cd, dbt, gcp, git, looker, scrum",2025-08-19,data engineer
"Expert en  Intelligence Artificielle, Big Data, Data Science",BROME Consulting & Technology,Casablanca,https://ma.linkedin.com/jobs/view/expert-en-intelligence-artificielle-big-data-data-science-at-brome-consulting-technology-4200185538?position=9&pageNum=12&refId=lgK8tHuWz4PVOipjqG7viA%3D%3D&trackingId=Y9wL3ovLUUcaqqJpq3qw3Q%3D%3D,"azure, scrum",2025-04-03,data scientist
.NET Software Engineer,Myfactory,Casablanca,https://ma.linkedin.com/jobs/view/net-software-engineer-at-myfactory-international-gmbh-4263967914?position=10&pageNum=12&refId=lgK8tHuWz4PVOipjqG7viA%3D%3D&trackingId=nxWU%2BNmhouAVzZMShevOCA%3D%3D,"agile, c#, css, html, javascript, sql",2025-07-08,software engineer
Senior Software Engineer – Perception – Radar / Machine Learning H/F,Stellantis,Casablanca,https://ma.linkedin.com/jobs/view/senior-software-engineer-%E2%80%93-perception-%E2%80%93-radar-machine-learning-h-f-at-stellantis-4222272664?position=2&pageNum=15&refId=647yIb49D735mjtZPJmo7A%3D%3D&trackingId=FHlZXVMSoI95DK0naf541w%3D%3D,"c++, computer vision, deep learning, machine learning, python, pytorch, tensorflow",2025-08-01,software engineer
Quantitative Risk Analyst / Data Analyst,CIH BANK,Casablanca,https://ma.linkedin.com/jobs/view/quantitative-risk-analyst-data-analyst-at-cih-bank-3980071335?position=4&pageNum=15&refId=647yIb49D735mjtZPJmo7A%3D%3D&trackingId=N8bB%2FJROhKSKF0heOeOwzg%3D%3D,,2024-07-22,data analyst
SOFTWARE QUALITY ENGINEER (TESTS FONCTIONNELS DE RECEVABILITE),RIBATIS,Casablanca,https://ma.linkedin.com/jobs/view/software-quality-engineer-tests-fonctionnels-de-recevabilite-at-ribatis-4271598132?position=5&pageNum=15&refId=647yIb49D735mjtZPJmo7A%3D%3D&trackingId=TS2PSXqGkKbjLPLM%2FMM29g%3D%3D,,2025-07-24,software engineer
IA and Data Manager / Data scientist,Adria Business & Technology,Casablanca,https://ma.linkedin.com/jobs/view/ia-and-data-manager-data-scientist-at-adria-business-technology-4264430281?position=6&pageNum=15&refId=647yIb49D735mjtZPJmo7A%3D%3D&trackingId=IaqhRw5MyabcENFerkxSdA%3D%3D,"computer vision, deep learning, flask, machine learning, python, scikit-learn, tensorflow",2025-08-05,data scientist
Senior Data Analyst - X Delivery,Boston Consulting Group (BCG),Casablanca,https://ma.linkedin.com/jobs/view/senior-data-analyst-x-delivery-at-boston-consulting-group-bcg-4268296315?position=7&pageNum=15&refId=647yIb49D735mjtZPJmo7A%3D%3D&trackingId=wPwW0bvKvZUX0%2BNtgz7zEA%3D%3D,"angular, c#, dash, django, excel, flask, github, hadoop, mysql, pandas, postgresql, python, r, react, spark, sql, tableau",2025-08-08,data analyst
Javascript Senior Software Engineer (AI Apps),Tether.io,Maroc,https://ma.linkedin.com/jobs/view/javascript-senior-software-engineer-ai-apps-at-tether-io-4275576977?position=9&pageNum=15&refId=647yIb49D735mjtZPJmo7A%3D%3D&trackingId=5FkkaAbC2gKsUn0JScUwfw%3D%3D,"javascript, react",2025-06-30,software engineer
.NET Software Engineer 123insight,Forterro,Casablanca,https://ma.linkedin.com/jobs/view/net-software-engineer-123insight-at-forterro-4270263755?position=10&pageNum=15&refId=647yIb49D735mjtZPJmo7A%3D%3D&trackingId=VhxxRfQzRGKb9Hh5sjtbew%3D%3D,"azure, c#, design patterns, git, sql",2025-08-18,software engineer
Quality System Engineer,TE Connectivity,Tangier,https://ma.linkedin.com/jobs/view/quality-system-engineer-at-te-connectivity-4277658018?position=2&pageNum=17&refId=25uYkQS6xvUZO7iRl52pew%3D%3D&trackingId=7jUAzfvXwnTArjsQWDp9qQ%3D%3D,,2025-07-29,software engineer
Senior Data Science Manager,SWATX,Rabat,https://ma.linkedin.com/jobs/view/senior-data-science-manager-at-swatx-4284426559?position=4&pageNum=17&refId=25uYkQS6xvUZO7iRl52pew%3D%3D&trackingId=xNe52Fno0J5aLDdC25imaw%3D%3D,"azure, google cloud, hadoop, machine learning, power bi, python, r, spark, tableau",2025-07-19,data scientist
Requirements Engineer - System Functions (German-Speaking),AVL,Rabat,https://ma.linkedin.com/jobs/view/requirements-engineer-system-functions-german-speaking-at-avl-4280317622?position=6&pageNum=17&refId=25uYkQS6xvUZO7iRl52pew%3D%3D&trackingId=kqcY1rkT5GjpbyovAyiNEQ%3D%3D,scrum,2025-08-05,software engineer
Quality System Engineer,TE Connectivity,Maroc,https://ma.linkedin.com/jobs/view/quality-system-engineer-at-te-connectivity-4206887609?position=7&pageNum=17&refId=25uYkQS6xvUZO7iRl52pew%3D%3D&trackingId=NaykfRV5FbNfbrVU1CpuRg%3D%3D,,2025-04-11,software engineer
Senior Java Software Engineer,Cnexia,Rabat,https://ma.linkedin.com/jobs/view/senior-java-software-engineer-at-cnexia-4195186618?position=9&pageNum=17&refId=25uYkQS6xvUZO7iRl52pew%3D%3D&trackingId=udYUYAshTigYKrokScDI0A%3D%3D,"agile, java, kubernetes, scrum",2025-08-04,software engineer
Business Research - Research Analyst - Casablanca - German Speaker,Infomineo,Casablanca,https://ma.linkedin.com/jobs/view/business-research-research-analyst-casablanca-german-speaker-at-infomineo-4285323485?position=1&pageNum=20&refId=7dFA2CVv6ckAsOdGo85LTQ%3D%3D&trackingId=Lj9rzNkrDuY4l1wPsYdegw%3D%3D,,2025-07-20,data analyst
Business Research - Research Analyst - Casablanca - Spanish and/or Portuguese,Infomineo,Casablanca,https://ma.linkedin.com/jobs/view/business-research-research-analyst-casablanca-spanish-and-or-portuguese-at-infomineo-4271433538?position=2&pageNum=20&refId=7dFA2CVv6ckAsOdGo85LTQ%3D%3D&trackingId=PWS%2FrZRsWdIuPDvIdqG1QA%3D%3D,,2025-06-27,data analyst
"Senior Data Analyst, Marketing Innovation (Chinese Speaking) (Bangkok-based, relocation provided)",Agoda,Marrakech,https://ma.linkedin.com/jobs/view/senior-data-analyst-marketing-innovation-chinese-speaking-bangkok-based-relocation-provided-at-agoda-4285639176?position=3&pageNum=20&refId=7dFA2CVv6ckAsOdGo85LTQ%3D%3D&trackingId=0y3fDbjKz0Y8%2FA6hVrWQgg%3D%3D,"excel, java, machine learning, power bi, python, r, sql, tableau",2025-08-14,data analyst
Data Analyst,Attijariwafa bank,Casablanca,https://ma.linkedin.com/jobs/view/data-analyst-at-attijariwafa-bank-4181774821?position=1&pageNum=0&refId=p6dIavrv161RfntoUf%2BMzA%3D%3D&trackingId=xc6cnKfJ9p2aagKkRIMxcA%3D%3D,"power bi, python, sql, tableau",2025-03-11,data analyst
Data Analyst,BNP Paribas,Casablanca,https://ma.linkedin.com/jobs/view/data-analyst-at-bnp-paribas-4277210022?position=3&pageNum=0&refId=p6dIavrv161RfntoUf%2BMzA%3D%3D&trackingId=eDDliARJSrbSfYk2jdC2sw%3D%3D,agile,2025-07-28,data analyst
Business / Data Analyst,Cnexia,Maroc,https://ma.linkedin.com/jobs/view/business-data-analyst-at-cnexia-3902960979?position=4&pageNum=0&refId=p6dIavrv161RfntoUf%2BMzA%3D%3D&trackingId=SKPBfBXUFG9t0u%2BbL4YjvQ%3D%3D,"agile, google cloud, oracle, sql",2025-08-19,data analyst
Lead Data Analyst,Saham Bank (Officiel),Casablanca,https://ma.linkedin.com/jobs/view/lead-data-analyst-at-saham-bank-officiel-4273862478?position=6&pageNum=0&refId=p6dIavrv161RfntoUf%2BMzA%3D%3D&trackingId=Z90nFhAMfvh2qadBtDXeRw%3D%3D,"dbt, git, power bi, python, r, sql",2025-07-31,data analyst
Data Analyst - Casablanca,VIVADATA,Casablanca,https://ma.linkedin.com/jobs/view/data-analyst-casablanca-at-vivadata-4263834506?position=8&pageNum=0&refId=p6dIavrv161RfntoUf%2BMzA%3D%3D&trackingId=lS9bWAXSZruIzd3zsEn%2B8A%3D%3D,"agile, airflow, aws, azure, etl, flask, google cloud, machine learning, python, r, sql, tableau",2025-07-12,data analyst
Data Analyst,CIH BANK,Casablanca,https://ma.linkedin.com/jobs/view/data-analyst-at-cih-bank-3812380359?position=10&pageNum=0&refId=p6dIavrv161RfntoUf%2BMzA%3D%3D&trackingId=r1ckuN162aFaM%2B7MRvWwQQ%3D%3D,,2024-01-24,data analyst
Data Engineer MS Fabric PySpark,SQLI,Rabat,https://ma.linkedin.com/jobs/view/data-engineer-ms-fabric-pyspark-at-sqli-4284779561?position=7&pageNum=2&refId=wFwNeN5pXnxRmg4tP%2BGkIg%3D%3D&trackingId=dqcagI5JTXgVbPz9z1dorQ%3D%3D,"azure, git, nosql, sql",2025-08-18,data engineer
SENIOR DATA ANALYST – SPÉCIALIST POWER BI,RED TIC,Casablanca,https://ma.linkedin.com/jobs/view/senior-data-analyst-%E2%80%93-sp%C3%A9cialist-power-bi-at-red-tic-4245252466?position=9&pageNum=2&refId=wFwNeN5pXnxRmg4tP%2BGkIg%3D%3D&trackingId=1X9CKQjDu6hhyLjxk0e5ww%3D%3D,"java, power bi",2025-06-05,data analyst
Ingénieur DATA,SII Group Morocco,Rabat,https://ma.linkedin.com/jobs/view/ing%C3%A9nieur-data-at-sii-group-morocco-4271712313?position=10&pageNum=2&refId=wFwNeN5pXnxRmg4tP%2BGkIg%3D%3D&trackingId=iq3SPxYidC5DQjx5CV5D0A%3D%3D,"airflow, aws, azure, gcp, kafka, python, spark",2025-07-28,data engineer
Data Engineering Intern - X Delivery,Boston Consulting Group (BCG),Casablanca,https://ma.linkedin.com/jobs/view/data-engineering-intern-x-delivery-at-boston-consulting-group-bcg-4205213767?position=2&pageNum=5&refId=7a0uMvica%2BZGqp7eHlaAvQ%3D%3D&trackingId=kzoIJwOMm3IEMIiuomrVrQ%3D%3D,"airflow, aws, azure, ci/cd, data pipeline, django, docker, etl, fastapi, flask, git, google cloud, hadoop, jenkins, kafka, kubernetes, mongodb, nosql, python, redis, spark, sql, terraform",2025-08-14,data engineer
Associate Analyst,Altus Group,Casablanca,https://ma.linkedin.com/jobs/view/associate-analyst-at-altus-group-4280333670?position=4&pageNum=5&refId=7a0uMvica%2BZGqp7eHlaAvQ%3D%3D&trackingId=K2NxHJrL8qeuSNASHNFkZg%3D%3D,excel,2025-08-05,data analyst
Business Analyst Data – Spécialisation Finance,MAROC FER,Casablanca,https://ma.linkedin.com/jobs/view/business-analyst-data-%E2%80%93-sp%C3%A9cialisation-finance-at-maroc-fer-4263264885?position=5&pageNum=5&refId=7a0uMvica%2BZGqp7eHlaAvQ%3D%3D&trackingId=idoCmfDgnyQ853lG57%2Byvg%3D%3D,"azure, power bi",2025-07-07,data analyst
Real Estate Associate Analyst - Data Solutions,Altus Group,Casablanca,https://ma.linkedin.com/jobs/view/real-estate-associate-analyst-data-solutions-at-altus-group-4283094902?position=8&pageNum=5&refId=7a0uMvica%2BZGqp7eHlaAvQ%3D%3D&trackingId=HQQwBufubm7W8bkWUhl1Eg%3D%3D,excel,2025-08-11,data analyst
Web Analyst,Starfox Analytics,Casablanca,https://ma.linkedin.com/jobs/view/web-analyst-at-starfox-analytics-4287950522?position=9&pageNum=5&refId=7a0uMvica%2BZGqp7eHlaAvQ%3D%3D&trackingId=8A%2B%2BgRM%2B3wwWVYBSI9ZnJQ%3D%3D,"bigquery, dbt, gcp, javascript, looker, python, sql",2025-08-19,data analyst
Business Research Analyst,Infomineo,Casablanca,https://ma.linkedin.com/jobs/view/business-research-analyst-at-infomineo-4277310543?position=10&pageNum=5&refId=7a0uMvica%2BZGqp7eHlaAvQ%3D%3D&trackingId=qhkAZCXkm3EP%2BHqdbla8qA%3D%3D,excel,2025-08-03,data analyst
Data Engineer Confirmé – Écosystème Microsoft Fabric,MAROC FER,Casablanca,https://ma.linkedin.com/jobs/view/data-engineer-confirm%C3%A9-%E2%80%93-%C3%A9cosyst%C3%A8me-microsoft-fabric-at-maroc-fer-4267073871?position=2&pageNum=7&refId=kljOW1NuRCosSRD5FewMSA%3D%3D&trackingId=s5PGtKLTcTuZqA0vIB0Jvw%3D%3D,"power bi, python, spark, sql",2025-07-16,data engineer
Business Research - Senior Research Analyst - Casablanca,Infomineo,Casablanca,https://ma.linkedin.com/jobs/view/business-research-senior-research-analyst-casablanca-at-infomineo-4283989954?position=4&pageNum=7&refId=kljOW1NuRCosSRD5FewMSA%3D%3D&trackingId=wEJo5rJeiqfkmtqSijRQYQ%3D%3D,excel,2025-07-18,data analyst
Business Research - Research Analyst - Casablanca,Infomineo,Casablanca,https://ma.linkedin.com/jobs/view/business-research-research-analyst-casablanca-at-infomineo-4281483293?position=10&pageNum=7&refId=kljOW1NuRCosSRD5FewMSA%3D%3D&trackingId=1FvQsLWEsFOgxW5rsrBGHQ%3D%3D,,2025-07-13,data analyst
Data Engineer expérimenté,ALTEN,Rabat,https://ma.linkedin.com/jobs/view/data-engineer-exp%C3%A9riment%C3%A9-at-alten-4286882096?position=3&pageNum=10&refId=kGj4wA31fMjs936t5lSqiQ%3D%3D&trackingId=FWgB9mQYNBBkcOMFsUVjwg%3D%3D,"agile, bigquery, ci/cd, dbt, docker, gcp, git, gitlab, google cloud, linux, looker, python, scrum, sql",2025-08-16,data engineer
Data Scientist,Leyton,Casablanca,https://ma.linkedin.com/jobs/view/data-scientist-at-leyton-4285629919?position=5&pageNum=10&refId=kGj4wA31fMjs936t5lSqiQ%3D%3D&trackingId=njdv0QU48M9HWGe2g0PFkQ%3D%3D,"java, machine learning, python, r, sql",2025-08-14,data scientist
Expert Data scientist,BROME Consulting & Technology,Casablanca,https://ma.linkedin.com/jobs/view/expert-data-scientist-at-brome-consulting-technology-4200186502?position=6&pageNum=10&refId=kGj4wA31fMjs936t5lSqiQ%3D%3D&trackingId=rZfoLuUXU3%2F4Sx3qmWEkMA%3D%3D,,2025-04-03,data scientist
Ingénieur Data GCP,SQLI,Rabat,https://ma.linkedin.com/jobs/view/ing%C3%A9nieur-data-gcp-at-sqli-4261119074?position=3&pageNum=12&refId=kb4D5vUpERm%2Bk0CPDoYb%2FA%3D%3D&trackingId=KWOPlcq5sD2j1s8%2BrDXqtw%3D%3D,"agile, gcp, google cloud, html, java, kafka, sql, terraform",2025-07-25,data engineer
Data Engineer Senior (expert GCP),LINCOLN,Casablanca,https://ma.linkedin.com/jobs/view/data-engineer-senior-expert-gcp-at-lincoln-france-4249851103?position=7&pageNum=12&refId=kb4D5vUpERm%2Bk0CPDoYb%2FA%3D%3D&trackingId=OOgLqqHUVTHis8Mulr0HkA%3D%3D,"agile, bigquery, ci/cd, dbt, etl, gcp, git, gitlab, linux, scrum, sql",2025-06-30,data engineer
Systems Engineer - Morocco,Fortinet,Casablanca,https://ma.linkedin.com/jobs/view/systems-engineer-morocco-at-fortinet-4219009999?position=8&pageNum=12&refId=kb4D5vUpERm%2Bk0CPDoYb%2FA%3D%3D&trackingId=CSrJTte2VJ1A9RNwEp2iAw%3D%3D,,2025-04-28,software engineer
Lead Data Scientist,Leyton CognitX,Casablanca,https://ma.linkedin.com/jobs/view/lead-data-scientist-at-leyton-cognitx-4281493314?position=10&pageNum=12&refId=kb4D5vUpERm%2Bk0CPDoYb%2FA%3D%3D&trackingId=diHymmBkxxEv7UUcMeV%2BqQ%3D%3D,"java, machine learning, python, r, sql",2025-08-07,data scientist
Data Engineer Expérimenté DBT / SQL / BigQuery,ALTEN,Rabat,https://ma.linkedin.com/jobs/view/data-engineer-exp%C3%A9riment%C3%A9-dbt-sql-bigquery-at-alten-4286876242?position=2&pageNum=15&refId=j4M%2F6eWDqodgOdqZnchm3w%3D%3D&trackingId=JtzkpD3Towny9nROcJfoCQ%3D%3D,"agile, bigquery, ci/cd, dbt, docker, gcp, git, gitlab, google cloud, linux, looker, scrum, sql",2025-08-16,data engineer
Business Analyst,LabelVie,Casablanca,https://ma.linkedin.com/jobs/view/business-analyst-at-labelvie-4281023288?position=3&pageNum=15&refId=j4M%2F6eWDqodgOdqZnchm3w%3D%3D&trackingId=cmx8T6EPHYrzW8yLuC4Bug%3D%3D,,2025-08-11,data analyst
Senior Power BI Developer,AXA Global Business Services (AXA GBS),Rabat,https://ma.linkedin.com/jobs/view/senior-power-bi-developer-at-axa-global-business-services-axa-gbs-4273599825?position=6&pageNum=15&refId=j4M%2F6eWDqodgOdqZnchm3w%3D%3D&trackingId=IcOkKGuiI1YAs0S9SS2BgA%3D%3D,"agile, etl, excel, power bi, sql",2025-07-29,data analyst
Data Engineer Sénior Spark Scala,ALTEN,Rabat,https://ma.linkedin.com/jobs/view/data-engineer-s%C3%A9nior-spark-scala-at-alten-4280560364?position=8&pageNum=15&refId=j4M%2F6eWDqodgOdqZnchm3w%3D%3D&trackingId=VDb6f97m26OHh0DwXMDAzg%3D%3D,"agile, aws, bigquery, ci/cd, docker, gcp, gitlab, java, kafka, kubernetes, linux, microservices, scrum, spark, spring boot, sql",2025-08-06,data engineer
Junior Back-End Developer,wherewework Middle East & North Africa,Rabat,https://ma.linkedin.com/jobs/view/junior-back-end-developer-at-wherewework-middle-east-north-africa-4209061928?position=5&pageNum=17&refId=jjs%2FYq1RQ91ev2SMWuzYbw%3D%3D&trackingId=hM0mXB2Ox2cFANw9q2guqA%3D%3D,"java, node.js, python",2025-04-13,web developer
TECH LEAD FULLSTACK (.NET/ANGULAR),RED TIC,Casablanca,https://ma.linkedin.com/jobs/view/tech-lead-fullstack-net-angular-at-red-tic-4255738388?position=6&pageNum=17&refId=jjs%2FYq1RQ91ev2SMWuzYbw%3D%3D&trackingId=8Xfwf%2FZXlqh4X%2BfHMEy6bw%3D%3D,"agile, angular, azure, c#, ci/cd, docker, git, java, scrum, sql",2025-06-24,web developer
Python Developer Rabat,wherewework Middle East & North Africa,Rabat,https://ma.linkedin.com/jobs/view/python-developer-rabat-at-wherewework-middle-east-north-africa-4225907112?position=8&pageNum=17&refId=jjs%2FYq1RQ91ev2SMWuzYbw%3D%3D&trackingId=paCdk2AEMqVkgPC0LElRSQ%3D%3D,"fastapi, flask, git, mongodb, nosql, oracle, postgresql, python, redis, sql",2025-05-08,web developer
Data engineer -Apache NIFI,Devoteam,Casablanca,https://ma.linkedin.com/jobs/view/data-engineer-apache-nifi-at-devoteam-3628571106?position=9&pageNum=17&refId=jjs%2FYq1RQ91ev2SMWuzYbw%3D%3D&trackingId=Cr71zesbDGvAqBVaUHetag%3D%3D,"agile, aws, azure, bitbucket, etl, gcp, java, kafka, sql",2025-07-30,data engineer
Shopify Web Developer,Montrichard Group,Casablanca,https://ma.linkedin.com/jobs/view/shopify-web-developer-at-montrichard-group-4169181646?position=10&pageNum=17&refId=jjs%2FYq1RQ91ev2SMWuzYbw%3D%3D&trackingId=bC96C%2F1geoHPPG%2Ff5OlvyA%3D%3D,"css, html, javascript",2025-02-28,web developer
Data Scientist / ML Engineer,Coface,Casablanca,https://ma.linkedin.com/jobs/view/data-scientist-ml-engineer-at-coface-4280120525?position=3&pageNum=0&refId=pxTx9Ix1QBLZQeM%2Fs%2F%2BODw%3D%3D&trackingId=VYa9TJQfEYWvSKNHlgaM0g%3D%3D,"airflow, ci/cd, docker, git, java, kubernetes, linux, machine learning, nlp, nosql, python, react, sql",2025-08-05,data scientist
Data Scientist & Data Engineer,SEGULA Technologies,Casablanca,https://ma.linkedin.com/jobs/view/data-scientist-data-engineer-at-segula-technologies-4285001621?position=4&pageNum=0&refId=pxTx9Ix1QBLZQeM%2Fs%2F%2BODw%3D%3D&trackingId=U3kJowbvnI42E2raJrHbFQ%3D%3D,"airflow, aws, azure, etl, gcp, machine learning, nosql, python, spark, sql",2025-08-18,data scientist
Data scientist (H/F) - Rabat,Sofrecom Maroc,Rabat,https://ma.linkedin.com/jobs/view/data-scientist-h-f-rabat-at-sofrecom-maroc-4275728715?position=5&pageNum=0&refId=pxTx9Ix1QBLZQeM%2Fs%2F%2BODw%3D%3D&trackingId=xZ2%2FZFrPytcyV14s%2BtL%2FLg%3D%3D,"machine learning, nosql, power bi, python, r, scikit-learn, sql, superset, tableau, tensorflow",2025-07-25,data scientist
Consultant Data Scientist H/F,Deloitte,Casablanca,https://ma.linkedin.com/jobs/view/consultant-data-scientist-h-f-at-deloitte-4263141150?position=6&pageNum=0&refId=pxTx9Ix1QBLZQeM%2Fs%2F%2BODw%3D%3D&trackingId=Yp5sWwyEItCByQNz0A8tmg%3D%3D,"deep learning, machine learning, nosql, pandas, python, sql, tensorflow",2025-07-30,data scientist
Datascientist,CIH BANK,Casablanca,https://ma.linkedin.com/jobs/view/datascientist-at-cih-bank-3659272624?position=9&pageNum=0&refId=pxTx9Ix1QBLZQeM%2Fs%2F%2BODw%3D%3D&trackingId=0iMdF2u%2BCnbv3vYtKpURuA%3D%3D,,2023-06-15,data scientist
Data Analytics - Senior Data Scientist - Casablanca,Infomineo,Casablanca,https://ma.linkedin.com/jobs/view/data-analytics-senior-data-scientist-casablanca-at-infomineo-4268568182?position=10&pageNum=0&refId=pxTx9Ix1QBLZQeM%2Fs%2F%2BODw%3D%3D&trackingId=YHlfeukd9hde166LgN5HaA%3D%3D,"aws, azure, docker, etl, google cloud, hadoop, ibm cloud, javascript, kubernetes, looker, machine learning, mongodb, nosql, power bi, python, r, snowflake, spark, sql, tableau",2025-06-27,data scientist
Data Scientist Lead,Infomineo,Casablanca,https://ma.linkedin.com/jobs/view/data-scientist-lead-at-infomineo-4277313292?position=1&pageNum=2&refId=%2FxvTS4nHgxAsLepCPuWx4w%3D%3D&trackingId=a3W7V9uhYH%2BiUPW6wHtyHA%3D%3D,"aws, azure, docker, etl, google cloud, hadoop, ibm cloud, javascript, kafka, kubernetes, looker, machine learning, mongodb, nosql, power bi, python, r, snowflake, spark, sql, tableau",2025-08-03,data scientist
Front End Developers - AI Training [Remote],Braintrust,Maroc,https://ma.linkedin.com/jobs/view/front-end-developers-ai-training-remote-at-braintrust-4220212389?position=2&pageNum=2&refId=%2FxvTS4nHgxAsLepCPuWx4w%3D%3D&trackingId=si36nWWcL3XPfy7nikHm%2FQ%3D%3D,"c#, c++, generative ai, java, javascript, python",2025-06-09,web developer
Senior Data Scientist - Casablanca,Artefact,Casablanca,https://ma.linkedin.com/jobs/view/senior-data-scientist-casablanca-at-artefact-4279613468?position=3&pageNum=2&refId=%2FxvTS4nHgxAsLepCPuWx4w%3D%3D&trackingId=11Srw3%2B7AwgHT4S0YtSwxw%3D%3D,"agile, deep learning, generative ai, machine learning, python, spark",2025-08-04,data scientist
SENIOR TALEND ETL DEVELOPER,RED TIC,Casablanca,https://ma.linkedin.com/jobs/view/senior-talend-etl-developer-at-red-tic-4266671237?position=4&pageNum=2&refId=%2FxvTS4nHgxAsLepCPuWx4w%3D%3D&trackingId=SyyolW1dR1S%2Fo7jowMfR8g%3D%3D,"ci/cd, docker, etl, git, java, kubernetes, sql",2025-07-15,data engineer
Backend Python Engineer,OmniOps,Rabat,https://ma.linkedin.com/jobs/view/backend-python-engineer-at-omniops-4283421929?position=6&pageNum=2&refId=%2FxvTS4nHgxAsLepCPuWx4w%3D%3D&trackingId=miNVTtkWhk5XxalSddHj4Q%3D%3D,"aws, azure, ci/cd, docker, fastapi, flask, gcp, github, grpc, hugging face, langchain, llms, microservices, mysql, nosql, postgresql, python, pytorch, redis, terraform",2025-08-11,web developer
Senior Talend ETL Developer,RED TIC,Casablanca,https://ma.linkedin.com/jobs/view/senior-talend-etl-developer-at-red-tic-4238125073?position=8&pageNum=2&refId=%2FxvTS4nHgxAsLepCPuWx4w%3D%3D&trackingId=oM1RQTBR4Y7vo438OG0UXw%3D%3D,"ci/cd, docker, etl, git, java, kubernetes, sql",2025-05-26,data engineer
Automation Software Engineer - AI specialization,Leyton,Casablanca,https://ma.linkedin.com/jobs/view/automation-software-engineer-ai-specialization-at-leyton-4285630919?position=9&pageNum=2&refId=%2FxvTS4nHgxAsLepCPuWx4w%3D%3D&trackingId=TqXi%2F8SMXnIF8a%2FEhdaEBw%3D%3D,"azure, ci/cd, git, gitlab, jenkins, nlp, pandas, python, scikit-learn",2025-08-14,software engineer
Tech Lead développeur Python (H/F),Sofrecom Maroc,Rabat,https://ma.linkedin.com/jobs/view/tech-lead-d%C3%A9veloppeur-python-h-f-at-sofrecom-maroc-4287462003?position=1&pageNum=5&refId=MphYt1KDsCuSoIxc%2Fqln%2Fg%3D%3D&trackingId=%2FBtt4Y3PFSIETSR6HKDMwQ%3D%3D,"agile, ci/cd, git, gitlab, linux, python, scrum",2025-08-16,web developer
GEOMATIC ENGINEER (PROCESSING & ANALYSING GIS DATA),RIBATIS,Casablanca,https://ma.linkedin.com/jobs/view/geomatic-engineer-processing-analysing-gis-data-at-ribatis-4271590836?position=5&pageNum=5&refId=MphYt1KDsCuSoIxc%2Fqln%2Fg%3D%3D&trackingId=SuH%2FBMJJFjidcJKdBzamIw%3D%3D,,2025-07-24,data engineer
Backend Developer,UM6P - University Mohammed VI Polytechnic,Rabat,https://ma.linkedin.com/jobs/view/backend-developer-at-um6p-university-mohammed-vi-polytechnic-4283046329?position=8&pageNum=5&refId=MphYt1KDsCuSoIxc%2Fqln%2Fg%3D%3D&trackingId=jt5cKuRqnYvCEAdMqlglOA%3D%3D,"aws, azure, docker, git, google cloud, java, kubernetes, microservices, mongodb, mysql, node.js, postgresql, python",2025-08-11,web developer
Backend Developer (Python / Linux ecosystem) - French Speakers,SSC HR Solutions,Marrakech,https://ma.linkedin.com/jobs/view/backend-developer-python-linux-ecosystem-french-speakers-at-ssc-hr-solutions-4282118912?position=1&pageNum=7&refId=EcZ6aZ8q9Hpv%2FuzErzIbmw%3D%3D&trackingId=gJ20BhLjxh%2FEGmqEw0upiw%3D%3D,"agile, bdd, django, docker, elasticsearch, git, gitlab, grpc, linux, python",2025-07-14,web developer
Développeur Back-End (H/F),Atos,Casablanca,https://ma.linkedin.com/jobs/view/d%C3%A9veloppeur-back-end-h-f-at-atos-4282211121?position=8&pageNum=7&refId=EcZ6aZ8q9Hpv%2FuzErzIbmw%3D%3D&trackingId=00ad4I3xKCahkFsEpbH%2BBg%3D%3D,"ci/cd, docker, git, gitlab, graphql, java, jenkins, kubernetes, mongodb, mysql, node.js, nosql, postgresql, redis, spring boot",2025-08-13,web developer
Junior Front-End Developer,wherewework Middle East & North Africa,Rabat,https://ma.linkedin.com/jobs/view/junior-front-end-developer-at-wherewework-middle-east-north-africa-4215968531?position=1&pageNum=0&refId=J2KNYFEu%2BzPE3WlLeEaVbg%3D%3D&trackingId=n2WN1%2FzIV%2BvETRimVnEDpw%3D%3D,"css, html, javascript",2025-04-24,web developer
MERN Full Stack Web Developer,AudaCity Capital Management,Maroc,https://ma.linkedin.com/jobs/view/mern-full-stack-web-developer-at-audacity-capital-management-4283748981?position=2&pageNum=0&refId=J2KNYFEu%2BzPE3WlLeEaVbg%3D%3D&trackingId=qWW2LEIEPh0Hsm%2F2qOWJUw%3D%3D,,2025-08-12,web developer
Développeur full stack,BROME Consulting & Technology,Casablanca,https://ma.linkedin.com/jobs/view/d%C3%A9veloppeur-full-stack-at-brome-consulting-technology-4200184638?position=5&pageNum=0&refId=J2KNYFEu%2BzPE3WlLeEaVbg%3D%3D&trackingId=th5WHhJDc1nVX%2BtSjHAHPA%3D%3D,java,2025-04-03,web developer
Développeur Back-End/Front-End,BROME Consulting & Technology,Rabat,https://ma.linkedin.com/jobs/view/d%C3%A9veloppeur-back-end-front-end-at-brome-consulting-technology-4200182774?position=6&pageNum=0&refId=J2KNYFEu%2BzPE3WlLeEaVbg%3D%3D&trackingId=cqj7MGaHWCQXQD7JTGf%2FlA%3D%3D,"agile, angular, spring boot",2025-04-03,web developer
Full Stack Engineer - The Flex Africa,The Flex,Rabat,https://ma.linkedin.com/jobs/view/full-stack-engineer-the-flex-africa-at-the-flex-4288227361?position=7&pageNum=0&refId=J2KNYFEu%2BzPE3WlLeEaVbg%3D%3D&trackingId=Mym8fOreN5hIHe4A03i0Rg%3D%3D,"aws, ci/cd, fastapi, git, node.js, python, react",2025-08-20,web developer
Full Stack PHP (Laravel) Developer Rabat,wherewework Middle East & North Africa,Rabat,https://ma.linkedin.com/jobs/view/full-stack-php-laravel-developer-rabat-at-wherewework-middle-east-north-africa-4225902806?position=8&pageNum=0&refId=J2KNYFEu%2BzPE3WlLeEaVbg%3D%3D&trackingId=oz5iv36pMhVzHTNO2EV9pw%3D%3D,"angular, css, design patterns, git, html, javascript, mysql, php",2025-05-08,web developer
Développeur Full stack,BROME Consulting & Technology,Casablanca,https://ma.linkedin.com/jobs/view/d%C3%A9veloppeur-full-stack-at-brome-consulting-technology-4200187056?position=9&pageNum=0&refId=J2KNYFEu%2BzPE3WlLeEaVbg%3D%3D&trackingId=ZgHPE14TQhLTdkqu%2B4XLlQ%3D%3D,"kubernetes, spring boot",2025-04-03,web developer
Full Stack Developer,Cnexia,Rabat,https://ma.linkedin.com/jobs/view/full-stack-developer-at-cnexia-4248074540?position=10&pageNum=0&refId=J2KNYFEu%2BzPE3WlLeEaVbg%3D%3D&trackingId=W5H6dhsMHOyhz%2BARhyC12Q%3D%3D,"agile, aws, azure, docker, gcp, git, kafka, kubernetes, linux, mysql, python",2025-08-14,web developer
Développeur full stack Java Angular,Alter Solutions Group,Casablanca,https://ma.linkedin.com/jobs/view/d%C3%A9veloppeur-full-stack-java-angular-at-alter-solutions-group-4260889564?position=1&pageNum=2&refId=yW4RwaqdmcD1AnePqkZUtw%3D%3D&trackingId=gv2peY0aYt4OFjtGXiiBkg%3D%3D,"agile, angular, bdd, java, spring boot, tdd",2025-07-02,web developer
Développeur Fullstack Senior Java/Angular,Inetum,Casablanca,https://ma.linkedin.com/jobs/view/d%C3%A9veloppeur-fullstack-senior-java-angular-at-inetum-4240913588?position=2&pageNum=2&refId=yW4RwaqdmcD1AnePqkZUtw%3D%3D&trackingId=1TCw5xCTEMKVipP1BIh8ag%3D%3D,"agile, angular, ci/cd, gitlab, java, jenkins, mysql, spring boot",2025-05-30,web developer
Développeur Full Stack,Groupe SII,Casablanca,https://ma.linkedin.com/jobs/view/d%C3%A9veloppeur-full-stack-at-groupe-sii-4201032840?position=3&pageNum=2&refId=yW4RwaqdmcD1AnePqkZUtw%3D%3D&trackingId=S%2FSHQBBnOVQqCL3KFdWNlg%3D%3D,"aws, ci/cd, react",2025-04-04,web developer
Lead Full Stack Engineer,SWATX,Rabat,https://ma.linkedin.com/jobs/view/lead-full-stack-engineer-at-swatx-4284448136?position=4&pageNum=2&refId=yW4RwaqdmcD1AnePqkZUtw%3D%3D&trackingId=TaBKu5eLnSjmPP2%2BunMLkQ%3D%3D,"agile, angular, css, html, javascript, microservices, node.js, nosql, python, react, sql",2025-07-19,web developer
DÉVELOPPEUR FULLSTACK SENIOR (NODE.JS/ANGULAR),RED TIC,Rabat,https://ma.linkedin.com/jobs/view/d%C3%A9veloppeur-fullstack-senior-node-js-angular-at-red-tic-4260842143?position=5&pageNum=2&refId=yW4RwaqdmcD1AnePqkZUtw%3D%3D&trackingId=ijhmhwecqg%2BxRoDf6z075g%3D%3D,"agile, angular, aws, azure, ci/cd, docker, git, javascript, jenkins, mongodb, node.js, nosql, postgresql, sql, typescript",2025-07-02,web developer
Javascript Fullstack Engineer - Mid-Level,Lumenalta,Maroc,https://ma.linkedin.com/jobs/view/javascript-fullstack-engineer-mid-level-at-lumenalta-4287784442?position=6&pageNum=2&refId=yW4RwaqdmcD1AnePqkZUtw%3D%3D&trackingId=9RllgDHOxufJeWqDyIIeKQ%3D%3D,sql,2025-08-18,web developer
Développeur Sr Full-stack NodeJs / ReactJs,SQLI,Rabat,https://ma.linkedin.com/jobs/view/d%C3%A9veloppeur-sr-full-stack-nodejs-reactjs-at-sqli-4282203466?position=7&pageNum=2&refId=yW4RwaqdmcD1AnePqkZUtw%3D%3D&trackingId=CBVkI6niErzxntSn9OhLYQ%3D%3D,javascript,2025-08-13,web developer
"Senior Full-Stack JS Developer (Node.js, React)",CobbleWeb - The Online Marketplace Experts,Casablanca,https://ma.linkedin.com/jobs/view/senior-full-stack-js-developer-node-js-react-at-cobbleweb-the-online-marketplace-experts-4258452801?position=8&pageNum=2&refId=yW4RwaqdmcD1AnePqkZUtw%3D%3D&trackingId=wQqKvQ%2FNOyqjJ8pt%2Bv0YXQ%3D%3D,"agile, aws, docker, git, jenkins, mongodb, mysql, react, redis, tdd",2025-06-27,web developer
Ingénieur Full Stack/Ingénieure Full Stack,SII Group Morocco,Casablanca,https://ma.linkedin.com/jobs/view/ing%C3%A9nieur-full-stack-ing%C3%A9nieure-full-stack-at-sii-group-morocco-4268973048?position=9&pageNum=2&refId=yW4RwaqdmcD1AnePqkZUtw%3D%3D&trackingId=eUuD4LcQWAklwFyXZqm%2Ftw%3D%3D,"agile, ci/cd, git, kanban, scrum",2025-07-23,web developer
Frontend Design System Engineer,Cnexia,Rabat,https://ma.linkedin.com/jobs/view/frontend-design-system-engineer-at-cnexia-4288071778?position=10&pageNum=2&refId=yW4RwaqdmcD1AnePqkZUtw%3D%3D&trackingId=doWoKtiFLZawQSRVrnfGbQ%3D%3D,"html, react",2025-08-19,web developer
AD Software Engineer - Junior H/F,Stellantis,Casablanca,https://ma.linkedin.com/jobs/view/ad-software-engineer-junior-h-f-at-stellantis-3543048045?position=3&pageNum=0&refId=XndxzbDbpk6EszcYIxxPjg%3D%3D&trackingId=an3BH3BEWzV1V7Yt67HPNQ%3D%3D,"c++, git, github, linux, python",2025-08-14,software engineer
Full Stack Developer,Expleo Group,Tangier,https://ma.linkedin.com/jobs/view/full-stack-developer-at-expleo-group-4235390978?position=4&pageNum=2&refId=4apri9xrGlFiPqeluFRHfQ%3D%3D&trackingId=zb1Vks75nskxSXZ16wLgYg%3D%3D,"c#, etl, sql",2025-08-17,web developer
.NET Web Developer - RABAT,REECHO,Rabat,https://ma.linkedin.com/jobs/view/net-web-developer-rabat-at-reecho-4225727364?position=6&pageNum=2&refId=4apri9xrGlFiPqeluFRHfQ%3D%3D&trackingId=AvEbqJhJ%2BWV5pp3VaAYLVw%3D%3D,"c#, css, html, javascript, sql",2025-05-07,web developer
Software Engineer Java,Société Générale - Africa Technologies & Services,Casablanca,https://ma.linkedin.com/jobs/view/software-engineer-java-at-soci%C3%A9t%C3%A9-g%C3%A9n%C3%A9rale-africa-technologies-services-4283621681?position=8&pageNum=2&refId=4apri9xrGlFiPqeluFRHfQ%3D%3D&trackingId=SJc5cKWsAOwviOxVI0zsBw%3D%3D,"agile, angular, docker, java, jenkins, kafka, kubernetes, oracle, postgresql, spark, spring boot, sql",2025-08-15,software engineer
Full Stack Developer (React / Java),Cnexia,Maroc,https://ma.linkedin.com/jobs/view/full-stack-developer-react-java-at-cnexia-4278992800?position=1&pageNum=5&refId=8zJ%2FSljke8zLM8Wu4N7wOQ%3D%3D&trackingId=kcr9nUGpJ54n79eyZ8uWJw%3D%3D,"agile, java, kubernetes, microservices, node.js, react, scrum, typescript",2025-08-01,web developer
Software Engineer Analyst,AXONE,Rabat,https://ma.linkedin.com/jobs/view/software-engineer-analyst-at-axone-4277595087?position=3&pageNum=5&refId=8zJ%2FSljke8zLM8Wu4N7wOQ%3D%3D&trackingId=Nq1xSl8nHsJA5hcYEt1v1g%3D%3D,,2025-07-31,data analyst
Software Engineer,Ostorlab,Casablanca,https://ma.linkedin.com/jobs/view/software-engineer-at-ostorlab-4287944836?position=7&pageNum=5&refId=8zJ%2FSljke8zLM8Wu4N7wOQ%3D%3D&trackingId=lb5dbnIVIPimxeaJy9mscg%3D%3D,"c++, java, javascript, python",2025-08-18,software engineer
Backend / Integration Developers,Babel,Casablanca,https://ma.linkedin.com/jobs/view/backend-integration-developers-at-babel-4281506686?position=2&pageNum=7&refId=kFNARIXSNTZHvdKpHQpOYQ%3D%3D&trackingId=W1q%2BK9%2BXI4zf%2B4oJ5zxuHQ%3D%3D,"c#, java, kafka, spring boot",2025-08-08,web developer
DEVELOPPEUR JAVA FULL STACK  H/F,Tessi,Oujda,https://ma.linkedin.com/jobs/view/developpeur-java-full-stack-h-f-at-tessi-4282189425?position=3&pageNum=7&refId=kFNARIXSNTZHvdKpHQpOYQ%3D%3D&trackingId=Hd%2BNL6A7dWfKbdeVM6xjng%3D%3D,"ci/cd, git, java, jenkins, linux, mysql, sql",2025-08-08,web developer
Backend Developer - Blockchain Integrations (100% remote),Tether.io,Maroc,https://ma.linkedin.com/jobs/view/backend-developer-blockchain-integrations-100%25-remote-at-tether-io-4278922493?position=4&pageNum=7&refId=kFNARIXSNTZHvdKpHQpOYQ%3D%3D&trackingId=aYlMEeuS%2FWg0zwhbGRUF4Q%3D%3D,"agile, c++, javascript, react, redis",2025-08-01,web developer
Développeur fullstack NodeJS React,ALTEN,Casablanca,https://ma.linkedin.com/jobs/view/d%C3%A9veloppeur-fullstack-nodejs-react-at-alten-4274598177?position=5&pageNum=7&refId=kFNARIXSNTZHvdKpHQpOYQ%3D%3D&trackingId=NLglSVdP5JGp5wbaaT4wfg%3D%3D,"agile, aws, ci/cd, docker, gcp, graphql, javascript, kanban, kubernetes, microservices, mongodb, mysql, next.js, node.js, nosql, postgresql, react, redis, scrum, typescript, websocket",2025-07-23,web developer
Senior Software Engineer .NET / C#,Catamania,Casablanca,https://ma.linkedin.com/jobs/view/senior-software-engineer-net-c%23-at-catamania-4281251397?position=7&pageNum=7&refId=kFNARIXSNTZHvdKpHQpOYQ%3D%3D&trackingId=iB%2FBcjDvPRzyK1FaIW8l8g%3D%3D,"agile, c#, git, postgresql, scrum",2025-08-12,software engineer
ANALYSTE & DEVELOPPEUR JAVA FUSE,RED TIC,Casablanca,https://ma.linkedin.com/jobs/view/analyste-developpeur-java-fuse-at-red-tic-4234736075?position=8&pageNum=7&refId=kFNARIXSNTZHvdKpHQpOYQ%3D%3D&trackingId=19xfDBeEyT2oapoL%2FE3uhA%3D%3D,"agile, ci/cd, java",2025-05-21,data analyst
Back End Developer (ELK/Python),Cnexia,Maroc,https://ma.linkedin.com/jobs/view/back-end-developer-elk-python-at-cnexia-4058376415?position=9&pageNum=7&refId=kFNARIXSNTZHvdKpHQpOYQ%3D%3D&trackingId=12CBH933i%2BE31uOQjiaD8A%3D%3D,"java, mysql, oracle, python",2025-07-30,web developer
Full Stack Engineer,Steam-connect | empowering conversations,Casablanca,https://ma.linkedin.com/jobs/view/full-stack-engineer-at-steam-connect-empowering-conversations-4264613611?position=10&pageNum=7&refId=kFNARIXSNTZHvdKpHQpOYQ%3D%3D&trackingId=u1H7SgED7i1%2FOcgpEZP%2FOw%3D%3D,"agile, angular, c#, git, javascript, node.js, sql, vue.js",2025-07-10,web developer
PHP Fullstack,Atos,Casablanca,https://ma.linkedin.com/jobs/view/php-fullstack-at-atos-4286532247?position=1&pageNum=10&refId=WraTHbcpYgOsh62o1JNvHw%3D%3D&trackingId=pVjbYqszhMyj%2FDmY5dng%2Fg%3D%3D,"agile, angular, ci/cd, docker, git, gitlab, jenkins, kanban, microservices, mysql, php, postgresql, scrum, typescript",2025-08-15,web developer
Experienced Fullstack Developer - .Net and React/Angular,Mindera,Casablanca,https://ma.linkedin.com/jobs/view/experienced-fullstack-developer-net-and-react-angular-at-mindera-4280773594?position=2&pageNum=10&refId=WraTHbcpYgOsh62o1JNvHw%3D%3D&trackingId=mvSwVBs0Zd60UZSzUAIrcA%3D%3D,"agile, angular, aws, azure, ci/cd, gcp, react, sql",2025-07-12,web developer
Senior Software Engineer - McKinsey Digital,McKinsey & Company,Casablanca,https://ma.linkedin.com/jobs/view/senior-software-engineer-mckinsey-digital-at-mckinsey-company-4200154243?position=5&pageNum=10&refId=WraTHbcpYgOsh62o1JNvHw%3D%3D&trackingId=HQOu6VdUPLxDOXbGtgrvDA%3D%3D,"agile, angular, aws, azure, c#, design patterns, docker, gcp, java, javascript, jenkins, mongodb, mysql, next.js, node.js, python, react, sql, typescript, vue.js",2025-08-12,software engineer
Développeur·se Web Confirmé·e Node.js / TypeScript - Casablanca CDI - Theodo Maroc,M33.tech,Casablanca,https://ma.linkedin.com/jobs/view/d%C3%A9veloppeur%C2%B7se-web-confirm%C3%A9%C2%B7e-node-js-typescript-casablanca-cdi-theodo-maroc-at-m33-tech-4277693062?position=7&pageNum=10&refId=WraTHbcpYgOsh62o1JNvHw%3D%3D&trackingId=kD9JETO2WRdMPCMf6KQSbA%3D%3D,"agile, aws, gcp, graphql, kanban, microservices, node.js, nosql, scrum, sql, typescript",2025-07-04,web developer
Senior Software Engineer,Capgemini,Casablanca,https://ma.linkedin.com/jobs/view/senior-software-engineer-at-capgemini-4062800143?position=8&pageNum=10&refId=WraTHbcpYgOsh62o1JNvHw%3D%3D&trackingId=XPr5RVSxTZ00m%2BJr7oG7zA%3D%3D,"agile, angular, java, react",2025-08-01,software engineer
Senior Java Backend Developer,Mindera,Casablanca,https://ma.linkedin.com/jobs/view/senior-java-backend-developer-at-mindera-4288416499?position=9&pageNum=10&refId=WraTHbcpYgOsh62o1JNvHw%3D%3D&trackingId=plrwl3VchnnkNVxucVvXyA%3D%3D,"agile, azure, ci/cd, design patterns, git, graphql, java, kafka, kubernetes, spring boot, tdd, terraform",2025-07-29,web developer
ANALYSTE & DÉVELOPPEUR JAVA FUSE,RED TIC,Casablanca,https://ma.linkedin.com/jobs/view/analyste-d%C3%A9veloppeur-java-fuse-at-red-tic-4263762688?position=3&pageNum=12&refId=MnagaHQ5Fg0%2B4eQCsB76Rg%3D%3D&trackingId=MwP%2FO%2FOwq8O5EpDIWwjUKQ%3D%3D,"agile, ci/cd, java",2025-07-09,data analyst
Développeur Fullstack Java/Angular,SQLI,Rabat,https://ma.linkedin.com/jobs/view/d%C3%A9veloppeur-fullstack-java-angular-at-sqli-4254871057?position=6&pageNum=12&refId=MnagaHQ5Fg0%2B4eQCsB76Rg%3D%3D&trackingId=FyxcXVYCijwsS52Xh%2BE9rA%3D%3D,"agile, angular, azure, elasticsearch, gcp, git, java, javascript, jenkins, linux, oracle, postgresql, react, spring boot, sql",2025-08-04,web developer
Développeur(se) Full Stack expérimenté Java/React,Devoteam,Rabat,https://ma.linkedin.com/jobs/view/d%C3%A9veloppeur-se-full-stack-exp%C3%A9riment%C3%A9-java-react-at-devoteam-4103339135?position=8&pageNum=12&refId=MnagaHQ5Fg0%2B4eQCsB76Rg%3D%3D&trackingId=xqnYBrAPFSTEIWwx7XNHoA%3D%3D,"agile, git, java, kanban, react, scrum, sql",2025-08-08,web developer
Développeur(euse) Fullstack - NestJS/Angular,Dedalus,Casablanca,https://ma.linkedin.com/jobs/view/d%C3%A9veloppeur-euse-fullstack-nestjs-angular-at-dedalus-4282838262?position=8&pageNum=15&refId=ImjT7%2FWTQ8pjJsQJqi62aQ%3D%3D&trackingId=1zNqJ%2Fmtw9AIqNUOZ1SzKQ%3D%3D,"agile, angular, ci/cd, docker, git, github, gitlab, microservices, node.js, oracle, postgresql, scrum, sql, typescript",2025-08-14,web developer
Ingénieur logiciel Java/Ingénieure logiciel Java,Confidential,Maroc,https://ma.linkedin.com/jobs/view/ing%C3%A9nieur-logiciel-java-ing%C3%A9nieure-logiciel-java-at-confidential-4271183540?position=9&pageNum=15&refId=ImjT7%2FWTQ8pjJsQJqi62aQ%3D%3D&trackingId=NR66%2BlnGrewWPYKRgvkjoA%3D%3D,"git, java, jenkins, oracle, postgresql, spring boot, sql",2025-07-22,software engineer
Développeur Sénior Java Back-End (H/F),Devoteam,Casablanca,https://ma.linkedin.com/jobs/view/d%C3%A9veloppeur-s%C3%A9nior-java-back-end-h-f-at-devoteam-4174642420?position=4&pageNum=17&refId=ljBH5ZaVPTRSG7VPJ2s%2Bcg%3D%3D&trackingId=UyqdXbQRupj4bnQm8nzSZQ%3D%3D,"ci/cd, docker, git, gitlab, java, jenkins, kubernetes, microservices, mongodb, mysql, postgresql, spring boot",2025-07-30,web developer
Développeur Sénior Full Stack Java/Angular (H/F),Devoteam,Casablanca,https://ma.linkedin.com/jobs/view/d%C3%A9veloppeur-s%C3%A9nior-full-stack-java-angular-h-f-at-devoteam-4266186970?position=5&pageNum=17&refId=ljBH5ZaVPTRSG7VPJ2s%2Bcg%3D%3D&trackingId=OC%2BwxbYotzSLS0ugJj1fqA%3D%3D,"agile, angular, ci/cd, docker, git, java, jenkins, kubernetes, microservices, mysql, oracle, postgresql, scrum, spring boot, typescript",2025-07-14,web developer
Business / Data Analyst,Cnexia,Morocco,https://ma.linkedin.com/jobs/view/business-data-analyst-at-cnexia-3902960979?position=9&pageNum=0&refId=mV0uatsxlXXUaS5PefFDvQ%3D%3D&trackingId=jKLHLTGg6doSJ12VFmgz1w%3D%3D,"agile, google cloud, oracle, sql",2025-08-19,data analyst
Data scientist,DXC Consulting & Engineering Services,Morocco,https://ma.linkedin.com/jobs/view/data-scientist-at-dxc-consulting-engineering-services-4285602245?position=2&pageNum=2&refId=s4Z8qdbVH%2BNXTcciPWNuWQ%3D%3D&trackingId=MjJOdUrv9e7Ja%2F%2FWeaQdzw%3D%3D,"aws, azure, google cloud, hadoop, machine learning, matplotlib, power bi, python, pytorch, r, scikit-learn, spark, sql, tableau, tensorflow",2025-07-20,data scientist
Data scientist,DXC Technology,Morocco,https://ma.linkedin.com/jobs/view/data-scientist-at-dxc-technology-4289798214?position=2&pageNum=0&refId=x25KaufStXyjU%2F26rHx0Ag%3D%3D&trackingId=ojAsFYGI%2FfUq4hffZAlvcQ%3D%3D,"aws, azure, google cloud, hadoop, machine learning, matplotlib, power bi, python, pytorch, r, scikit-learn, spark, sql, tableau, tensorflow",2025-08-22,data scientist
Data Scientist,Tractafric Equipment,Casablanca,https://ma.linkedin.com/jobs/view/data-scientist-at-tractafric-equipment-4289772913?position=6&pageNum=0&refId=x25KaufStXyjU%2F26rHx0Ag%3D%3D&trackingId=ra0U6OORVaWdS1xjF2mEDg%3D%3D,"airflow, aws, azure, ci/cd, docker, gcp, git, machine learning, numpy, pandas, python, scikit-learn, spark, sql",2025-08-22,data scientist
Front End Developers - AI Training [Remote],Braintrust,Morocco,https://ma.linkedin.com/jobs/view/front-end-developers-ai-training-remote-at-braintrust-4220212389?position=1&pageNum=2&refId=AcGiVHJGnsQ6eW8mpN38mQ%3D%3D&trackingId=TsJPuPiWR%2BnZd75zMgrHdA%3D%3D,"c#, c++, java, javascript, python",2025-06-09,web developer
Senior DataScientist (DS) / Tech Lead DS / Spécialiste ML,BROME Consulting & Technology,Casablanca,https://ma.linkedin.com/jobs/view/senior-datascientist-ds-tech-lead-ds-sp%C3%A9cialiste-ml-at-brome-consulting-technology-4200185588?position=10&pageNum=2&refId=AcGiVHJGnsQ6eW8mpN38mQ%3D%3D&trackingId=taCGJVP2NojjOQOqQQ9%2FJg%3D%3D,machine learning,2025-04-03,data scientist
Big Data Engineer,Leyton,Casablanca,https://ma.linkedin.com/jobs/view/big-data-engineer-at-leyton-4285630920?position=6&pageNum=5&refId=AsYRhbqtAjVCkFCVnZdCXA%3D%3D&trackingId=oLwvANRBk9YmHjtR%2BX1nwQ%3D%3D,,2025-08-14,data engineer
Senior Python Fullstack Engineer,Intetics,Morocco,https://ma.linkedin.com/jobs/view/senior-python-fullstack-engineer-at-intetics-4281922437?position=7&pageNum=5&refId=AsYRhbqtAjVCkFCVnZdCXA%3D%3D&trackingId=FlOMOe2dWbSu6cKLJ6r8fA%3D%3D,"django, linux, mysql, python, react, typescript",2025-07-15,web developer
Backend Developer - Java & Python,Cnexia,Morocco,https://ma.linkedin.com/jobs/view/backend-developer-java-python-at-cnexia-3888339341?position=6&pageNum=7&refId=0DiOgeoLhds244WMu9QvWA%3D%3D&trackingId=vDCnd3aARkgKvO3GdvlbFA%3D%3D,"agile, java, mysql, oracle, python",2025-08-23,web developer
Développeur(se) Back-End Python Senior| Devoteam Maroc Nearshore,Devoteam,Rabat,https://ma.linkedin.com/jobs/view/d%C3%A9veloppeur-se-back-end-python-senior-devoteam-maroc-nearshore-at-devoteam-4235099654?position=9&pageNum=7&refId=0DiOgeoLhds244WMu9QvWA%3D%3D&trackingId=D3Gj0PMbUOFepNRpauMPjA%3D%3D,"git, microservices, numpy, pandas, python, scrum",2025-08-20,web developer
MERN Full Stack Web Developer,AudaCity Capital Management,Morocco,https://ma.linkedin.com/jobs/view/mern-full-stack-web-developer-at-audacity-capital-management-4283748981?position=2&pageNum=0&refId=yxN2%2BvlDg0mjvGRtCKv2TQ%3D%3D&trackingId=BqET8g5bMaLQho2XCCsKfg%3D%3D,,2025-08-12,web developer
Développeur full stack ReactJS NodeJS,Alter Solutions Group,Casablanca,https://ma.linkedin.com/jobs/view/d%C3%A9veloppeur-full-stack-reactjs-nodejs-at-alter-solutions-group-4260890517?position=10&pageNum=0&refId=yxN2%2BvlDg0mjvGRtCKv2TQ%3D%3D&trackingId=%2Bq0LmtlYpNtE%2BqATXwMvlw%3D%3D,"agile, graphql, typescript",2025-07-02,web developer
Développeur FullStack Java Angular | Devoteam Maroc Nearshore,Devoteam,Rabat,https://ma.linkedin.com/jobs/view/d%C3%A9veloppeur-fullstack-java-angular-devoteam-maroc-nearshore-at-devoteam-4040758491?position=9&pageNum=2&refId=Ol4hIuHEEOIkNDIvpMEWQQ%3D%3D&trackingId=8WL1SeiZ79Mvb49vc9dLlg%3D%3D,"agile, ci/cd, java, javascript, spring boot, typescript",2025-08-09,web developer
Concepteur Développeur Full-Stack (Java/DevOps),Sofrecom Maroc,Casablanca,https://ma.linkedin.com/jobs/view/concepteur-d%C3%A9veloppeur-full-stack-java-devops-at-sofrecom-maroc-4273862828?position=10&pageNum=2&refId=Ol4hIuHEEOIkNDIvpMEWQQ%3D%3D&trackingId=uBEloa%2FM%2B14I19jID%2Bihcg%3D%3D,"aws, ci/cd, docker, java, microservices, spring boot",2025-07-31,web developer
.NET Software Engineer,ABAS Ibérica,Casablanca,https://ma.linkedin.com/jobs/view/net-software-engineer-at-abas-ib%C3%A9rica-4271988847?position=3&pageNum=2&refId=UgByfmzBqTYIHZdmfQ7cQA%3D%3D&trackingId=712QO0uAbBInesYNRqekag%3D%3D,"agile, c#, css, html, javascript, sql",2025-07-22,software engineer
Développeur(se) C# Software Engineer (H/F),CAPFI Groupe,Casablanca,https://ma.linkedin.com/jobs/view/d%C3%A9veloppeur-se-c%23-software-engineer-h-f-at-capfi-groupe-4212990370?position=8&pageNum=2&refId=UgByfmzBqTYIHZdmfQ7cQA%3D%3D&trackingId=F%2B3Twwzcjv3xfbUSVsDrJg%3D%3D,"c#, python, react, sql",2025-04-18,software engineer
Software Engineer Java,Societe Generale,Casablanca,https://ma.linkedin.com/jobs/view/software-engineer-java-at-societe-generale-4195537608?position=4&pageNum=5&refId=YUR4QvG30SaUHJoGUVLnKA%3D%3D&trackingId=f3n9v7emn775%2Be1NH%2BG6nA%3D%3D,"agile, docker, java, oracle, postgresql, spark, spring boot, sql",2025-03-28,software engineer
Full Stack Engineer - The Flex Africa,The Flex,Casablanca,https://ma.linkedin.com/jobs/view/full-stack-engineer-the-flex-africa-at-the-flex-4288233078?position=7&pageNum=5&refId=YUR4QvG30SaUHJoGUVLnKA%3D%3D&trackingId=tzvMEaomSZJLMf1GX5FObw%3D%3D,,2025-08-20,web developer
Développeur full stack Java / Angular - F/H,Niji,Casablanca,https://ma.linkedin.com/jobs/view/d%C3%A9veloppeur-full-stack-java-angular-f-h-at-niji-4285529226?position=8&pageNum=5&refId=YUR4QvG30SaUHJoGUVLnKA%3D%3D&trackingId=zEJN07Vs0fYC3eb2bBRU1A%3D%3D,"agile, git, hadoop, mysql, nosql, sql",2025-08-19,web developer
Développeur Backend .NET - F/H,matys,Casablanca,https://ma.linkedin.com/jobs/view/d%C3%A9veloppeur-backend-net-f-h-at-matys-4279484232?position=4&pageNum=7&refId=hNQtm3V8QOIS92VMMNg%2FiQ%3D%3D&trackingId=xcsh%2BNAaRNh5HMMjT32fKA%3D%3D,"azure, c#, microservices, react",2025-08-04,web developer
Design System Engineer,Stellantis,Casablanca,https://ma.linkedin.com/jobs/view/design-system-engineer-at-stellantis-4283542966?position=6&pageNum=7&refId=hNQtm3V8QOIS92VMMNg%2FiQ%3D%3D&trackingId=R77%2BrWmGfB63dihumZBVvQ%3D%3D,excel,2025-08-12,software engineer
Software Engineer Analyst,AXA Group Operations,Salé,https://ma.linkedin.com/jobs/view/software-engineer-analyst-at-axa-group-operations-4238987477?position=8&pageNum=7&refId=hNQtm3V8QOIS92VMMNg%2FiQ%3D%3D&trackingId=fPVkT5jhCex3ejISCbSmTQ%3D%3D,"aws, azure, linux, php, python",2025-05-27,data analyst
IT SYSTEM AND AUTOMATION ENGINEER,RED TIC,Casablanca,https://ma.linkedin.com/jobs/view/it-system-and-automation-engineer-at-red-tic-4291688130?position=1&pageNum=2&refId=eirhxXqiS55wJ51MJRDAgA%3D%3D&trackingId=hY0CEciSSioYa1r4ANQ8cg%3D%3D,"aws, azure, docker, gcp, linux",2025-08-26,software engineer
Data Analyst-Power Apps,DXC Technology Morocco,Rabat,https://ma.linkedin.com/jobs/view/data-analyst-power-apps-at-dxc-technology-morocco-4291886932?position=4&pageNum=2&refId=eirhxXqiS55wJ51MJRDAgA%3D%3D&trackingId=C%2B70fu7YbDVWAmVoQZIFww%3D%3D,"agile, excel, machine learning, scrum, sql",2025-08-27,data analyst
Data Engineer Expérimenté,SQLI,Casablanca,https://ma.linkedin.com/jobs/view/data-engineer-exp%C3%A9riment%C3%A9-at-sqli-4288558110?position=5&pageNum=2&refId=eirhxXqiS55wJ51MJRDAgA%3D%3D&trackingId=J1Y4QtkKtBReuPDuKd5W3w%3D%3D,"agile, ci/cd, docker, gcp, git, google cloud, java, linux, scrum, sql",2025-08-25,data engineer
Global Data analyst,Yassir,Casablanca,https://ma.linkedin.com/jobs/view/global-data-analyst-at-yassir-4292026379?position=6&pageNum=2&refId=eirhxXqiS55wJ51MJRDAgA%3D%3D&trackingId=mVA%2BmOp0I7bIbA74ygC2RQ%3D%3D,,2025-08-27,data analyst
Global Data analyst,Yassir,Meknès,https://ma.linkedin.com/jobs/view/global-data-analyst-at-yassir-4292027231?position=9&pageNum=2&refId=eirhxXqiS55wJ51MJRDAgA%3D%3D&trackingId=ZsSCIFDK7W%2BCUd5OJxd3AQ%3D%3D,"agile, excel, python, sql",2025-08-27,data analyst
Lead Data Engineer,Stellantis Middle East & Africa,Casablanca,https://ma.linkedin.com/jobs/view/lead-data-engineer-at-stellantis-middle-east-africa-4277392963?position=10&pageNum=2&refId=eirhxXqiS55wJ51MJRDAgA%3D%3D&trackingId=CEkqqDuAmkKOFr%2BA4%2Fva3g%3D%3D,"agile, azure, java, power bi, python, r, spark, sql",2025-08-04,data engineer
Data Scientist / Analyst,Advent Plus,Casablanca,https://ma.linkedin.com/jobs/view/data-scientist-analyst-at-advent-plus-4291113886?position=6&pageNum=2&refId=seMr007ovSB6hUOklC61UA%3D%3D&trackingId=28H0dpCeNnKe5AMayir6tw%3D%3D,"deep learning, machine learning, nlp, power bi, python, pytorch, r, react, sql, tableau, tensorflow, typescript",2025-08-29,data scientist
Analyste / Développeur BI,Petit Forestier Group,Casablanca,https://ma.linkedin.com/jobs/view/analyste-d%C3%A9veloppeur-bi-at-petit-forestier-group-4281639871?position=7&pageNum=5&refId=GFyzytiyel51vkAtvygZTw%3D%3D&trackingId=JOtfrRAoKV7dOKe%2FlDLkqA%3D%3D,"mysql, postgresql, power bi, sql",2025-08-07,data analyst
Business Analyst Data – Spécialisation Finance,Inetum,Casablanca,https://ma.linkedin.com/jobs/view/business-analyst-data-%E2%80%93-sp%C3%A9cialisation-finance-at-inetum-4263463148?position=9&pageNum=5&refId=GFyzytiyel51vkAtvygZTw%3D%3D&trackingId=IQfosYAtMxmPAlSeUbNG6w%3D%3D,"azure, power bi",2025-07-07,data analyst
Data Scientist Confirmé,SOWIT | AgriTech and AgriFinance,Casablanca,https://ma.linkedin.com/jobs/view/data-scientist-confirm%C3%A9-at-sowit-agritech-and-agrifinance-4292926742?position=10&pageNum=0&refId=StmfKIQurj8s8SDxo%2BPXmQ%3D%3D&trackingId=oIFInSqQcotWBNEGHf9mRg%3D%3D,"deep learning, keras, machine learning, python, pytorch, tensorflow",2025-08-29,data scientist
R&D Software Engineer Python,Societe Generale,Casablanca,https://ma.linkedin.com/jobs/view/r-d-software-engineer-python-at-societe-generale-4279616221?position=3&pageNum=2&refId=lyeeRAKBkKj9ukE6gDshfg%3D%3D&trackingId=M3aQ677A1Z9PpVVl4hKI4w%3D%3D,"c#, python",2025-08-04,software engineer
Backend Developer (Python / Linux ecosystem) - French Speakers,SSC HR Solutions,Marrakesh,https://ma.linkedin.com/jobs/view/backend-developer-python-linux-ecosystem-french-speakers-at-ssc-hr-solutions-4282118912?position=8&pageNum=7&refId=mP%2ByQpaKhjXFvYmYFQmr%2Fw%3D%3D&trackingId=od2BBiiz4qrI5ZYKe5%2BEUw%3D%3D,,2025-07-14,web developer
Développeur front-end/Développeuse front-end,Capgemini,Casablanca,https://ma.linkedin.com/jobs/view/d%C3%A9veloppeur-front-end-d%C3%A9veloppeuse-front-end-at-capgemini-4290389986?position=3&pageNum=0&refId=EXykTWB2OC1EjrT6of4DpQ%3D%3D&trackingId=sCUhW%2BC1E1JxoWYN1TiGxA%3D%3D,"ci/cd, git, javascript, react, typescript",2025-08-28,web developer
Full-Stack Java Developer,AVL,Rabat,https://ma.linkedin.com/jobs/view/full-stack-java-developer-at-avl-4281583966?position=4&pageNum=2&refId=wsAvkG5x7EiX4HhZbCacrg%3D%3D&trackingId=pO%2F2rVviyxp7W0cip%2FENCQ%3D%3D,"agile, azure, ci/cd, docker, java, javascript, microservices, nosql, scrum, spring boot, sql, typescript",2025-08-08,web developer
Senior Full-stack Developer : Laravel + React,AesthetiDocs,Morocco,https://ma.linkedin.com/jobs/view/senior-full-stack-developer-laravel-%2B-react-at-aesthetidocs-4292994440?position=7&pageNum=2&refId=wsAvkG5x7EiX4HhZbCacrg%3D%3D&trackingId=%2BVPULP3Dj7OjpFmTYSFlCg%3D%3D,,2025-08-29,web developer
Développeur Full Stack (Freelance),Confidential Jobs,Casablanca,https://ma.linkedin.com/jobs/view/d%C3%A9veloppeur-full-stack-freelance-at-confidential-jobs-4291737627?position=10&pageNum=2&refId=wsAvkG5x7EiX4HhZbCacrg%3D%3D&trackingId=K3K%2FGSTPrA71xyNbUxwmKw%3D%3D,"css, html, java, react",2025-08-31,web developer
Développeur Full Stack Java / React Sénior,ALTEN,Rabat,https://ma.linkedin.com/jobs/view/d%C3%A9veloppeur-full-stack-java-react-s%C3%A9nior-at-alten-4292686193?position=1&pageNum=5&refId=EcbiXZrUN%2BplAryZsKRmhQ%3D%3D&trackingId=0PYF%2FCoKfWnwZ%2BT65cif4A%3D%3D,"ci/cd, docker, git, java, mongodb, mysql, nosql, postgresql, react, scrum, spring boot",2025-08-29,web developer
Développeur FullStack .NET Angular | Devoteam Maroc Nearshore,Devoteam,Rabat,https://ma.linkedin.com/jobs/view/d%C3%A9veloppeur-fullstack-net-angular-devoteam-maroc-nearshore-at-devoteam-4062103045?position=2&pageNum=5&refId=EcbiXZrUN%2BplAryZsKRmhQ%3D%3D&trackingId=5CQo4BDXbSpZ6vyKv7DOLg%3D%3D,"agile, ci/cd, java, javascript, typescript",2025-08-29,web developer
Développeur full stack OfferView (H/F),ALTEN MAROC,Rabat,https://ma.linkedin.com/jobs/view/d%C3%A9veloppeur-full-stack-offerview-h-f-at-alten-maroc-4286335194?position=3&pageNum=5&refId=EcbiXZrUN%2BplAryZsKRmhQ%3D%3D&trackingId=iPuecebdYYKukOGiHdE0zQ%3D%3D,"docker, postgresql",2025-08-20,web developer
Développeur FrontEnd Magento,Niji,Casablanca,https://ma.linkedin.com/jobs/view/d%C3%A9veloppeur-frontend-magento-at-niji-4279252645?position=5&pageNum=5&refId=EcbiXZrUN%2BplAryZsKRmhQ%3D%3D&trackingId=ltVln0VKY%2FZhnE%2Bw24l%2FpQ%3D%3D,,2025-08-04,web developer
Développeur Full stack Expérimenté Java / Vue.js,SQLI,Casablanca,https://ma.linkedin.com/jobs/view/d%C3%A9veloppeur-full-stack-exp%C3%A9riment%C3%A9-java-vue-js-at-sqli-4288883965?position=6&pageNum=5&refId=EcbiXZrUN%2BplAryZsKRmhQ%3D%3D&trackingId=34Q62XWzYNnfddhk1PtiEg%3D%3D,,2025-08-26,web developer
Offre de stage : Stagiaire Développeur Full-Stack & DevOps – Poste basé à Berrechid,MA LOGISTICS,Berrechid,https://ma.linkedin.com/jobs/view/offre-de-stage-stagiaire-d%C3%A9veloppeur-full-stack-devops-%E2%80%93-poste-bas%C3%A9-%C3%A0-berrechid-at-ma-logistics-4264248935?position=8&pageNum=5&refId=EcbiXZrUN%2BplAryZsKRmhQ%3D%3D&trackingId=L%2FCYTCyjW%2BN4Qgxl6BjqHQ%3D%3D,"ci/cd, docker, git, java, microservices, mongodb, mysql, nosql, react, spring boot",2025-07-08,web developer
Senior SaaS Web Developer,Oracle,Agadir,https://ma.linkedin.com/jobs/view/senior-saas-web-developer-at-oracle-4242466192?position=9&pageNum=5&refId=EcbiXZrUN%2BplAryZsKRmhQ%3D%3D&trackingId=H567A0KqJ0IpV3tpHJIgBQ%3D%3D,"c#, ci/cd, docker, git, graphql, java, javascript, linux, microservices, mysql, nosql, oracle, php, python, react, sql, typescript",2025-08-31,web developer
Software Developer Intern,Xcelerit,Casablanca,https://ma.linkedin.com/jobs/view/software-developer-intern-at-xcelerit-4291297873?position=7&pageNum=0&refId=gUP9tfZdcb42QxqT0K9l4g%3D%3D&trackingId=GZwSNMZfg6bdhwyTbCkKPw%3D%3D,,2025-08-26,software engineer
Développeur Full Stack Java (H/F),Atos,Casablanca,https://ma.linkedin.com/jobs/view/d%C3%A9veloppeur-full-stack-java-h-f-at-atos-4282202960?position=2&pageNum=2&refId=%2BZBkxVIgcQmkuPWw0L1Pww%3D%3D&trackingId=xx20jNddAnrNcgr17GxGug%3D%3D,"agile, docker, git, java, javascript, microservices, mysql, nosql, postgresql, react, scrum, spring boot, typescript",2025-08-13,web developer
.NET Software Engineer,myfactory International GmbH,Casablanca,https://ma.linkedin.com/jobs/view/net-software-engineer-at-myfactory-international-gmbh-4275441663?position=3&pageNum=2&refId=%2BZBkxVIgcQmkuPWw0L1Pww%3D%3D&trackingId=TFHWl1XmGoAdlYxe%2B6P5lQ%3D%3D,"azure, c#, git, sql",2025-07-24,software engineer
Software Engineer,Flourish Health,"Western Sahara, Morocco",https://ma.linkedin.com/jobs/view/software-engineer-at-flourish-health-4264209822?position=4&pageNum=2&refId=%2BZBkxVIgcQmkuPWw0L1Pww%3D%3D&trackingId=9uKQ%2BWMWYZsdx1JLxmyEVg%3D%3D,react,2025-07-08,software engineer
Full Stack Developer (React / Java),Cnexia,Morocco,https://ma.linkedin.com/jobs/view/full-stack-developer-react-java-at-cnexia-4291283150?position=3&pageNum=5&refId=iLbUyBdrkmS7n8lpo5ktzw%3D%3D&trackingId=E5a9dgWp29AE%2BKCRYXBJcQ%3D%3D,"agile, java, microservices, node.js, react, scrum, typescript",2025-08-26,web developer
Développeur Frontend Intermédiaire,Eskimoz,Casablanca,https://ma.linkedin.com/jobs/view/d%C3%A9veloppeur-frontend-interm%C3%A9diaire-at-eskimoz-4292505267?position=5&pageNum=5&refId=iLbUyBdrkmS7n8lpo5ktzw%3D%3D&trackingId=h9rwJECqROOJwVuLbm2hjA%3D%3D,"docker, git, javascript, react",2025-08-28,web developer
Backend Developer - Blockchain Integrations (100% remote),Tether.io,Morocco,https://ma.linkedin.com/jobs/view/backend-developer-blockchain-integrations-100%25-remote-at-tether-io-4278922493?position=4&pageNum=7&refId=VzN55ry2RCnWz0nSu7CPEw%3D%3D&trackingId=%2FE%2FNGNI%2B70RRv551JZfkvg%3D%3D,"agile, c++, javascript, react",2025-08-01,web developer
Javascript Fullstack Engineer - Mid-Level,Lumenalta,Morocco,https://ma.linkedin.com/jobs/view/javascript-fullstack-engineer-mid-level-at-lumenalta-4292876428?position=5&pageNum=7&refId=VzN55ry2RCnWz0nSu7CPEw%3D%3D&trackingId=jVAKv2GITrAmfdXQgpamNA%3D%3D,sql,2025-08-29,web developer
Java Full Stack Engineer FS,Yassir,Casablanca,https://ma.linkedin.com/jobs/view/java-full-stack-engineer-fs-at-yassir-4284472679?position=10&pageNum=7&refId=VzN55ry2RCnWz0nSu7CPEw%3D%3D&trackingId=H8xwhGDQpGUQA0mLNUBZQw%3D%3D,"docker, java, mongodb, react, spring boot",2025-08-13,web developer
